学校名,開催日,開催時間,イベント名,場所,対象,予約,予約開始日・記載,備考,予約URL,詳細URL,予約開始精度,予約開始根拠URL
東洋英和女学院中学部,2026/5/23(土),10:00～11:10,5月 学校説明会 第１回,本校,受験生（全学年）・保護者,要予約 予約する,予約開始：2026年4月25日（土）,【内容】 オルガン演奏、聖書朗読・祈祷、教育方針、生徒による学校紹介、英語・国際教育、学校生活について、 進路指導・進学状況、校内見学・クラブ見学、英和生と話そう、個別相談などを予定 【その他】 在校生の活動を見学可能,https://www.toyoeiwa.ac.jp/chu-ko/event/schedule/,https://www.study1.jp/kanto/school/B13P098/briefing/detail/20260523_1/,exact,https://www.toyoeiwa.ac.jp/chu-ko/event/schedule/
東洋英和女学院中学部,2026/5/23(土),13:30～14:40,5月 学校説明会 第２回,本校,受験生（全学年）・保護者,要予約 予約する,予約開始：2026年4月25日（土）,【内容】 オルガン演奏、聖書朗読・祈祷、教育方針、生徒による学校紹介、英語・国際教育、学校生活について、 進路指導・進学状況、校内見学・クラブ見学、英和生と話そう、個別相談などを予定 【その他】 在校生の活動を見学可能,https://www.toyoeiwa.ac.jp/chu-ko/event/schedule/,https://www.study1.jp/kanto/school/B13P098/briefing/detail/20260523_2/,exact,https://www.toyoeiwa.ac.jp/chu-ko/event/schedule/
東洋英和女学院中学部,2026/6/27(土),8:40～13:00,オープンスクール,本校,受験生（全学年）・保護者,要予約 予約する,予約開始：2026年5月30日（土）,受付開始　8:10～ 【内容】 礼拝体験、体験授業、校内見学、クラブ見学、英和生と話そう、学校説明、ミニコンサートなどを予定 【その他】 校内見学可能／在校生の活動を見学可能 ※学年を問わず、受験希望者が対象です。受験生１人につき、受験生を含めて３名様まで参加可能です。,https://www.toyoeiwa.ac.jp/chu-ko/event/schedule/,https://www.study1.jp/kanto/school/B13P098/briefing/detail/20260627/,exact,https://www.toyoeiwa.ac.jp/chu-ko/event/schedule/
東洋英和女学院中学部,2026/9/5(土),10:00～11:10,9月 学校説明会 第１回,本校,受験生（全学年）・保護者,要予約 予約する,予約開始：2026年8月8日（土）,【内容】 ハンドベル演奏、教育方針、東洋英和に入学して、英語・国際教育、生徒によるクラブ活動紹介、高校生の進路指導 【その他】 校内見学・クラブ見学、英和生と話そう、個別相談、生徒による活動報告あり,https://www.toyoeiwa.ac.jp/chu-ko/event/schedule/,https://www.study1.jp/kanto/school/B13P098/briefing/detail/20260905_1/,exact,https://www.toyoeiwa.ac.jp/chu-ko/event/schedule/
東洋英和女学院中学部,2026/9/5(土),13:30～14:40,9月 学校説明会 第２回,本校,受験生（全学年）・保護者,要予約 予約する,予約開始：2026年8月8日（土）,【内容】 ハンドベル演奏、教育方針、東洋英和に入学して、英語・国際教育、生徒によるクラブ活動紹介、高校生の進路指導 【その他】 校内見学・クラブ見学、英和生と話そう、個別相談、生徒による活動報告あり,https://www.toyoeiwa.ac.jp/chu-ko/event/schedule/,https://www.study1.jp/kanto/school/B13P098/briefing/detail/20260905_2/,exact,https://www.toyoeiwa.ac.jp/chu-ko/event/schedule/
東洋英和女学院中学部,2026/10/23(金),,楓祭（文化祭）,本校,-,要予約 予約する,予約開始：2026年10月3日（土）,【内容】 東洋英和の文化祭です。クラブや様々な活動の成果をご覧いただけます。 【その他】 校内見学可能／在校生の活動を見学可能,https://www.toyoeiwa.ac.jp/chu-ko/event/schedule/,https://www.study1.jp/kanto/school/B13P098/briefing/detail/20261023/,exact,https://www.toyoeiwa.ac.jp/chu-ko/event/schedule/
東洋英和女学院中学部,2026/10/24(土),,楓祭（文化祭）,本校,-,要予約 予約する,予約開始：2026年10月3日（土）,【内容】 東洋英和の文化祭です。クラブや様々な活動の成果をご覧いただけます。 【その他】 校内見学可能／在校生の活動を見学可能,https://www.toyoeiwa.ac.jp/chu-ko/event/schedule/,https://www.study1.jp/kanto/school/B13P098/briefing/detail/20261024/,exact,https://www.toyoeiwa.ac.jp/chu-ko/event/schedule/
東洋英和女学院中学部,2026/11/14(土),9:00～12:00,入試説明会,本校,６年生・保護者,要予約 予約する,予約開始：2026年10月17日（土）,【内容】 4教科の解説(各20分)、面接、出願方法、入試当日の流れ 校内見学、個別相談 ※入試説明会は6年生限定です。 ※各教科とも過去の入試問題を例に取り上げて説明します。 ※説明をより良く理解するために、昨年度の入試問題に目を通してご参加ください。 ※入試当日の筆記試験会場、面接会場をご見学いただけます。 ※当日、生徒のクラブ活動などはありません。,https://www.toyoeiwa.ac.jp/chu-ko/event/schedule/,https://www.study1.jp/kanto/school/B13P098/briefing/detail/20261114/,exact,https://www.toyoeiwa.ac.jp/chu-ko/event/schedule/
東洋英和女学院中学部,2026/12/12(土),13:00～16:10,クリスマス音楽会,本校,受験生（全学年）・保護者,要予約 予約する,予約開始：2026年11月14日（土）,【内容】 クリスマスにまつわる様々なジャンルの音楽を中心に、ハンドベル部、高一音楽選択者、合唱部、 オルガン科、器楽科オーケストラなどの生徒、さらに器楽科講師が演奏いたします。,https://www.toyoeiwa.ac.jp/chu-ko/event/schedule/,https://www.study1.jp/kanto/school/B13P098/briefing/detail/20261212/,exact,https://www.toyoeiwa.ac.jp/chu-ko/event/schedule/
東洋英和女学院中学部,2026/12/26(土),10:00～11:10,ミニ学校説明会,本校,受験生（全学年）・保護者,要予約 予約する,予約開始：2026年11月28日（土）,【内容】 ハンドベル演奏、教育方針、英語・国際教育、生徒による学校紹介、生徒会活動報告などを予定 【その他】 校内見学・クラブ見学、英和生と話そう、個別相談あり,https://www.toyoeiwa.ac.jp/chu-ko/event/schedule/,https://www.study1.jp/kanto/school/B13P098/briefing/detail/20261226/,exact,https://www.toyoeiwa.ac.jp/chu-ko/event/schedule/
東洋英和女学院中学部,2027/2/20(土),10:00～11:10,キックオフ説明会,本校,受験生（全学年）・保護者,要予約 予約する,予約開始：2027年1月23日（土）,【内容】 ハンドベル演奏、オルガン演奏、聖書朗読･祈祷･挨拶･教育方針、中1をふり返って、英語・国際教育、カナダ研修報告、高3パネルトーク、保護者から見た東洋英和、東洋英和の先生たち 【その他】 校内見学・クラブ見学、英和生と話そう、個別相談あり,https://www.toyoeiwa.ac.jp/chu-ko/event/schedule/,https://www.study1.jp/kanto/school/B13P098/briefing/detail/20270220/,exact,https://www.toyoeiwa.ac.jp/chu-ko/event/schedule/
東洋英和女学院中学部,,,学校紹介動画（随時）,オンライン,-,学校のホームページをご確認ください。 予約する,,,https://www.youtube.com/@%E6%9D%B1%E6%B4%8B%E8%8B%B1%E5%92%8C%E5%A5%B3%E5%AD%A6%E9%99%A2%E4%B8%AD%E5%AD%A6%E9%83%A8,https://www.study1.jp/kanto/school/B13P098/briefing/detail/20270000_1/,unknown,https://www.study1.jp/kanto/school/B13P098/briefing/detail/20270000_1/
東洋英和女学院中学部,,,入試説明会動画（随時）,オンライン,-,学校のホームページをご確認ください。 予約する,,2025年11月15日に開催された、各担当者による入試説明会の動画をご覧いただけます。,https://www.toyoeiwa.ac.jp/chu-ko/event/nyushi_setsumeikai/,https://www.study1.jp/kanto/school/B13P098/briefing/detail/20270000_2/,unknown,https://www.study1.jp/kanto/school/B13P098/briefing/detail/20270000_2/
お茶の水女子大学附属中学校,2026/5/20(水),16:00～17:00,第1回Hello！お茶中,お茶の水女子大学 共通講義棟,小学生およびその保護者,要予約 予約する,,,https://www.fz.ocha.ac.jp/ft/news/event/2026/d017701.html,https://www.study1.jp/kanto/school/B13N001/briefing/detail/20260520/,unknown,https://www.study1.jp/kanto/school/B13N001/briefing/detail/20260520/
お茶の水女子大学附属中学校,2026/7/25(土),,オープンスクール,お茶の水女子大学大学講堂　中学校校舎,小学生及びその保護者,要予約 予約する,,,https://www.fz.ocha.ac.jp/ft/news/event/2026/d017701.html,https://www.study1.jp/kanto/school/B13N001/briefing/detail/20260725/,unknown,https://www.study1.jp/kanto/school/B13N001/briefing/detail/20260725/
お茶の水女子大学附属中学校,2026/9/19(土),,生徒祭,お茶の水女子大学大学講堂　中学校校舎,-,要予約 予約する,,,https://www.fz.ocha.ac.jp/ft/news/event/2026/d017701.html,https://www.study1.jp/kanto/school/B13N001/briefing/detail/20260919/,unknown,https://www.study1.jp/kanto/school/B13N001/briefing/detail/20260919/
お茶の水女子大学附属中学校,2026/9/20(日),,生徒祭,お茶の水女子大学大学講堂　中学校校舎,-,要予約 予約する,,,https://www.fz.ocha.ac.jp/ft/news/event/2026/d017701.html,https://www.study1.jp/kanto/school/B13N001/briefing/detail/20260920/,unknown,https://www.study1.jp/kanto/school/B13N001/briefing/detail/20260920/
お茶の水女子大学附属中学校,2026/10/17(土),,学校説明会・校舎見学会,本校,小学生およびその保護者,要予約 予約する,,,https://www.fz.ocha.ac.jp/ft/news/event/2026/d017701.html,https://www.study1.jp/kanto/school/B13N001/briefing/detail/20261017/,unknown,https://www.study1.jp/kanto/school/B13N001/briefing/detail/20261017/
お茶の水女子大学附属中学校,2026/11/18(水),16:00～17:00,第2回Hello！お茶中,お茶の水女子大学 共通講義棟,小学生およびその保護者,要予約 予約する,,,https://www.fz.ocha.ac.jp/ft/news/event/2026/d017701.html,https://www.study1.jp/kanto/school/B13N001/briefing/detail/20261118/,unknown,https://www.study1.jp/kanto/school/B13N001/briefing/detail/20261118/
富士見丘中学校,2026/6/6(土),10:00～11:30,第1回学校説明会・校内見学,本校,受験生・保護者,要予約 予約する,予約受付：2026年5月6日（水）〜6月3日（水）,10：00～11：00学校説明会①（会場・オンライン同時開催） 11：00～11：30校内見学,https://www.fujimigaoka.ac.jp/exam/junior/briefing,https://www.study1.jp/kanto/school/B13P113/briefing/detail/20260606_1/,range,https://www.fujimigaoka.ac.jp/exam/junior/briefing
富士見丘中学校,2026/6/6(土),10:00～11:00,第1回学校説明会（オンライン）,オンライン,受験生・保護者,要予約 予約する,予約受付：2026年5月6日（水）〜6月3日（水）,10：00～11：00学校説明会（会場・オンライン同時開催）,https://www.fujimigaoka.ac.jp/exam/junior/briefing,https://www.study1.jp/kanto/school/B13P113/briefing/detail/20260606_2/,range,https://www.fujimigaoka.ac.jp/exam/junior/briefing
富士見丘中学校,2026/7/12(日),,欧州向けオンライン学校説明会（オンライン）,オンライン,受験生・保護者,要予約 予約する,予約受付：2026年6月12日（金）〜7月9日（木）,イギリス 9:30～、CET 10:30～、EET 11:30～、日本 17:30～,https://www.fujimigaoka.ac.jp/exam/returnees/briefing,https://www.study1.jp/kanto/school/B13P113/briefing/detail/20260712/,range,https://www.fujimigaoka.ac.jp/exam/returnees/briefing
富士見丘中学校,2026/7/19(日),10:00～,第2回学校説明会・オープンスクール,本校,受験生・保護者,要予約 予約する,予約受付：2026年6月19日（金）〜7月15日（水）,10:00～11:00説明会② 11:10～11:40授業体験 英語/国語/算数/理科実験 11:50-12:20部活動見学,https://www.fujimigaoka.ac.jp/exam/junior/briefing,https://www.study1.jp/kanto/school/B13P113/briefing/detail/20260719_1/,range,https://www.fujimigaoka.ac.jp/exam/junior/briefing
富士見丘中学校,2026/7/19(日),10:00～,第1回 帰国生対象説明会,本校,受験生・保護者,要予約 予約する,予約受付：2026年6月19日（金）〜7月15日（水）,10:00〜11:00　帰国生対象学校説明会①（会場・オンライン） 11:10〜12:30　個人相談【1組20分】 11:10～11:40　中学 授業体験〈英語・国語・算数・理科実験〉（会場）,https://www.fujimigaoka.ac.jp/exam/returnees/briefing,https://www.study1.jp/kanto/school/B13P113/briefing/detail/20260719_2/,range,https://www.fujimigaoka.ac.jp/exam/junior/briefing
富士見丘中学校,2026/7/19(日),10:00～11:00,第1回 帰国生対象説明会（オンライン）,オンライン,受験生・保護者,要予約 予約する,予約受付：2026年6月19日（金）〜7月15日（水）,10:00～11:00 帰国生対象学校説明会（会場型・オンライン型同時開催）,https://www.fujimigaoka.ac.jp/exam/returnees/briefing,https://www.study1.jp/kanto/school/B13P113/briefing/detail/20260719_3/,range,https://www.fujimigaoka.ac.jp/exam/junior/briefing
富士見丘中学校,2026/8/20(木),9:30～,夏休み学校見学会,本校,受験生・保護者,要予約 予約する,予約受付：2026年7月20日（月）〜8月17日（月）,ミニ説明会・見学ツアー・個人相談,https://www.fujimigaoka.ac.jp/exam/junior/briefing,https://www.study1.jp/kanto/school/B13P113/briefing/detail/20260820_1/,range,https://www.fujimigaoka.ac.jp/exam/junior/briefing
富士見丘中学校,2026/8/20(木),13:30～,夏休み学校見学会,本校,受験生・保護者,要予約 予約する,予約受付：2026年7月20日（月）〜8月17日（月）,ミニ説明会・見学ツアー・個人相談,https://www.fujimigaoka.ac.jp/exam/junior/briefing,https://www.study1.jp/kanto/school/B13P113/briefing/detail/20260820_2/,range,https://www.fujimigaoka.ac.jp/exam/junior/briefing
富士見丘中学校,2026/8/21(金),9:30～,夏休み学校見学会,本校,受験生・保護者,要予約 予約する,予約受付：2026年7月20日（月）〜8月17日（月）,ミニ説明会・見学ツアー・個人相談,https://www.fujimigaoka.ac.jp/exam/junior/briefing,https://www.study1.jp/kanto/school/B13P113/briefing/detail/20260821_1/,range,https://www.fujimigaoka.ac.jp/exam/junior/briefing
富士見丘中学校,2026/8/21(金),13:30～,夏休み学校見学会,本校,受験生・保護者,要予約 予約する,予約受付：2026年7月20日（月）〜8月17日（月）,ミニ説明会・見学ツアー・個人相談,https://www.fujimigaoka.ac.jp/exam/junior/briefing,https://www.study1.jp/kanto/school/B13P113/briefing/detail/20260821_2/,range,https://www.fujimigaoka.ac.jp/exam/junior/briefing
富士見丘中学校,2026/9/26(土),10:00～15:00,文化祭　見学,本校,受験生・保護者,要予約 予約する,予約受付：2026年8月26日（水）〜9月23日（水）,,https://www.fujimigaoka.ac.jp/exam/junior/briefing,https://www.study1.jp/kanto/school/B13P113/briefing/detail/20260926/,range,https://www.fujimigaoka.ac.jp/exam/junior/briefing
富士見丘中学校,2026/9/27(日),10:00～15:00,文化祭　見学,本校,受験生・保護者,要予約 予約する,予約受付：2026年8月26日（水）〜9月23日（水）,,https://www.fujimigaoka.ac.jp/exam/junior/briefing,https://www.study1.jp/kanto/school/B13P113/briefing/detail/20260927_1/,range,https://www.fujimigaoka.ac.jp/exam/junior/briefing
富士見丘中学校,2026/9/27(日),13:00～14:00,第3回学校説明会（文化祭）,本校,受験生・保護者,要予約 予約する,予約受付：2026年8月26日（水）〜9月23日（水）,説明会③,https://www.fujimigaoka.ac.jp/exam/junior/briefing,https://www.study1.jp/kanto/school/B13P113/briefing/detail/20260927_2/,range,https://www.fujimigaoka.ac.jp/exam/junior/briefing
富士見丘中学校,2026/10/3(土),10:00～,第2回 帰国生対象説明会,本校,受験生・保護者,要予約 予約する,予約受付：2026年9月3日（木）〜9月30日（水）,10:00〜11:00　帰国生対象学校説明会②（会場・オンライン） 11:10〜12:00　英語エッセイ書き方講座、 個別相談【1組20分】,https://www.fujimigaoka.ac.jp/exam/returnees/briefing,https://www.study1.jp/kanto/school/B13P113/briefing/detail/20261003_1/,range,https://www.fujimigaoka.ac.jp/exam/returnees/briefing
富士見丘中学校,2026/10/3(土),10:00～11:00,第2回 帰国生対象説明会（オンライン）,オンライン,受験生・保護者,要予約 予約する,予約受付：2026年9月3日（木）〜9月30日（水）,10:00〜11:00 帰国生対象学校説明会②（会場・オンライン）,https://www.fujimigaoka.ac.jp/exam/returnees/briefing,https://www.study1.jp/kanto/school/B13P113/briefing/detail/20261003_2/,range,https://www.fujimigaoka.ac.jp/exam/returnees/briefing
富士見丘中学校,2026/10/17(土),10:00～11:40,第4回学校説明会・オープンスクール,本校,受験生・保護者,要予約 予約する,予約受付：2026年9月17日（木）〜10月14日（水）,10:00～11:00　生徒による説明会 11:10～11:40　授業体験 英語/理科実験,https://www.fujimigaoka.ac.jp/exam/junior/briefing,https://www.study1.jp/kanto/school/B13P113/briefing/detail/20261017/,range,https://www.fujimigaoka.ac.jp/exam/junior/briefing
富士見丘中学校,2026/11/23(月),10:00～,第5回学校説明会・入試問題傾向と対策（国・算）,本校,受験生・保護者,要予約 予約する,予約受付：2026年10月23日（金）〜11月18日（水）,10:00～11:00　説明会⑤ 11:10～11:40　入試問題傾向と対策（国・算） 11:10～/11:50～　校内見学ツアー,https://www.fujimigaoka.ac.jp/exam/junior/briefing,https://www.study1.jp/kanto/school/B13P113/briefing/detail/20261123/,range,https://www.fujimigaoka.ac.jp/exam/junior/briefing
富士見丘中学校,2026/12/5(土),10:00～,第6回学校説明会・チャレンジ体験入試①（国・算）,本校,受験生（チャレンジ体験入試は小学6年生限定）・保護者,要予約 予約する,予約受付：2026年11月5日（木）〜12月2日（水）,10:00～11:00　説明会⑥ 10:00～12:00　チャレンジ体験入試（国・算）,https://www.fujimigaoka.ac.jp/exam/junior/briefing,https://www.study1.jp/kanto/school/B13P113/briefing/detail/20261205/,range,https://www.fujimigaoka.ac.jp/exam/junior/briefing
富士見丘中学校,2026/12/26(土),9:30～,冬休み学校見学会,本校,受験生・保護者,要予約 予約する,予約受付：2026年11月26日（木）〜12月23日（水）,ミニ説明会・見学ツアー・個人相談など1時間程度。,https://www.fujimigaoka.ac.jp/exam/junior/briefing,https://www.study1.jp/kanto/school/B13P113/briefing/detail/20261226_1/,range,https://www.fujimigaoka.ac.jp/exam/junior/briefing
富士見丘中学校,2026/12/26(土),13:30～,冬休み学校見学会,本校,受験生・保護者,要予約 予約する,予約受付：2026年11月26日（木）〜12月23日（水）,ミニ説明会・見学ツアー・個人相談など1時間程度。,https://www.fujimigaoka.ac.jp/exam/junior/briefing,https://www.study1.jp/kanto/school/B13P113/briefing/detail/20261226_2/,range,https://www.fujimigaoka.ac.jp/exam/junior/briefing
富士見丘中学校,2027/1/11(月),10:00～,第7回学校説明会・チャレンジ体験入試②（国・算）,本校,受験生（チャレンジ体験入試は小学6年生限定）・保護者,要予約 予約する,予約受付：2026年12月11日（金）〜2027年1月6日（水）,10：00～11：00　説明会⑦ 10:00〜12:00　チャレンジ体験入試（国・算）,https://www.fujimigaoka.ac.jp/exam/junior/briefing,https://www.study1.jp/kanto/school/B13P113/briefing/detail/20270111/,range,https://www.fujimigaoka.ac.jp/exam/junior/briefing
富士見丘中学校,,,学校見学（随時）,本校,受験生・保護者,要予約 予約する,,日曜・祝日を除く毎日 希望者は、予め電話で申し込み,https://www.fujimigaoka.ac.jp/exam/junior/briefing,https://www.study1.jp/kanto/school/B13P113/briefing/detail/20270000_1/,unknown,https://www.study1.jp/kanto/school/B13P113/briefing/detail/20270000_1/
富士見丘中学校,,,個人相談・入試説明（随時）,本校,受験生・保護者,要予約 予約する,,日曜・祝日を除く毎日午後4時00分まで（本校にて） 希望者は、予め電話で申し込み,https://www.fujimigaoka.ac.jp/exam/junior/briefing,https://www.study1.jp/kanto/school/B13P113/briefing/detail/20270000_2/,unknown,https://www.study1.jp/kanto/school/B13P113/briefing/detail/20270000_2/
実践女子学園中学校,2026/5/9(土),,第1回学校説明会（オンデマンド),オンライン,全学年,要予約 予約する,申込み開始は、原則1ヶ月前の平日20:00〜、土日祝は10:00〜,動画配信日になりましたら、ご予約・ご登録いただいた方に、登録メールアドレスに接続URLをお知らせ致します。動画は一定期間ご視聴いただけます。,https://hs.jissen.ac.jp/admission/open_school/index.html,https://www.study1.jp/kanto/school/B13P056/briefing/detail/20260509_1/,rule,https://hs.jissen.ac.jp/admission/open_school/index.html
実践女子学園中学校,2026/5/9(土),10:30～12:30,第1回学校説明会(来校型）【午前の部】,本校,全学年,要予約 予約する,申込み開始は、原則1ヶ月前の平日20:00〜、土日祝は10:00〜,,https://hs.jissen.ac.jp/admission/open_school/index.html,https://www.study1.jp/kanto/school/B13P056/briefing/detail/20260509_2/,rule,https://hs.jissen.ac.jp/admission/open_school/index.html
実践女子学園中学校,2026/5/9(土),14:00～16:00,第1回学校説明会(来校型）【午後の部】,本校,全学年,要予約 予約する,申込み開始は、原則1ヶ月前の平日20:00〜、土日祝は10:00〜,,https://hs.jissen.ac.jp/admission/open_school/index.html,https://www.study1.jp/kanto/school/B13P056/briefing/detail/20260509_3/,rule,https://hs.jissen.ac.jp/admission/open_school/index.html
実践女子学園中学校,2026/6/13(土),14:00～16:00,第1回オープンスクール(部活編),本校,全学年,要予約 予約する,申込み開始は、原則1ヶ月前の平日20:00〜、土日祝は10:00〜,,https://hs.jissen.ac.jp/admission/open_school/index.html,https://www.study1.jp/kanto/school/B13P056/briefing/detail/20260613/,rule,https://hs.jissen.ac.jp/admission/open_school/index.html
実践女子学園中学校,2026/6/20(土),,英語授業体験会・帰国生対象説明会(オンライン型),オンライン,全学年,要予約 予約する,申込み開始は、原則1ヶ月前の平日20:00〜、土日祝は10:00〜,,https://hs.jissen.ac.jp/admission/open_school/index.html,https://www.study1.jp/kanto/school/B13P056/briefing/detail/20260620/,rule,https://hs.jissen.ac.jp/admission/open_school/index.html
実践女子学園中学校,2026/7/24(金),,学校見学会【教員による案内】,本校,全学年,要予約 予約する,申込み開始は、原則1ヶ月前の平日20:00〜、土日祝は10:00〜,終日開催,https://hs.jissen.ac.jp/admission/open_school/index.html,https://www.study1.jp/kanto/school/B13P056/briefing/detail/20260724/,rule,https://hs.jissen.ac.jp/admission/open_school/index.html
実践女子学園中学校,2026/7/25(土),,学校見学会【教員による案内】,本校,全学年,要予約 予約する,申込み開始は、原則1ヶ月前の平日20:00〜、土日祝は10:00〜,終日開催,https://hs.jissen.ac.jp/admission/open_school/index.html,https://www.study1.jp/kanto/school/B13P056/briefing/detail/20260725_1/,rule,https://hs.jissen.ac.jp/admission/open_school/index.html
実践女子学園中学校,2026/7/25(土),,学校見学会【生徒による案内（生徒タクシー）】,本校,全学年,要予約 予約する,申込み開始は、原則1ヶ月前の平日20:00〜、土日祝は10:00〜,終日開催,https://hs.jissen.ac.jp/admission/open_school/index.html,https://www.study1.jp/kanto/school/B13P056/briefing/detail/20260725_2/,rule,https://hs.jissen.ac.jp/admission/open_school/index.html
実践女子学園中学校,2026/7/25(土),14:30～16:00,帰国生対象説明会(来校型),本校,全学年,要予約 予約する,申込み開始は、原則1ヶ月前の平日20:00〜、土日祝は10:00〜,,https://hs.jissen.ac.jp/admission/open_school/index.html,https://www.study1.jp/kanto/school/B13P056/briefing/detail/20260725_3/,rule,https://hs.jissen.ac.jp/admission/open_school/index.html
実践女子学園中学校,2026/8/1(土),,生徒による受験生向けイベント,本校,全学年,要予約 予約する,申込み開始は、原則1ヶ月前の平日20:00〜、土日祝は10:00〜,,https://hs.jissen.ac.jp/admission/open_school/index.html,https://www.study1.jp/kanto/school/B13P056/briefing/detail/20260801/,rule,https://hs.jissen.ac.jp/admission/open_school/index.html
実践女子学園中学校,2026/8/21(金),,学校見学会【教員による案内】,本校,全学年,要予約 予約する,申込み開始は、原則1ヶ月前の平日20:00〜、土日祝は10:00〜,終日開催,https://hs.jissen.ac.jp/admission/open_school/index.html,https://www.study1.jp/kanto/school/B13P056/briefing/detail/20260821/,rule,https://hs.jissen.ac.jp/admission/open_school/index.html
実践女子学園中学校,2026/8/22(土),,学校見学会【教員による案内】,本校,全学年,要予約 予約する,申込み開始は、原則1ヶ月前の平日20:00〜、土日祝は10:00〜,終日開催,https://hs.jissen.ac.jp/admission/open_school/index.html,https://www.study1.jp/kanto/school/B13P056/briefing/detail/20260822_1/,rule,https://hs.jissen.ac.jp/admission/open_school/index.html
実践女子学園中学校,2026/8/22(土),,学校見学会【生徒による案内（生徒タクシー）】,本校,全学年,要予約 予約する,申込み開始は、原則1ヶ月前の平日20:00〜、土日祝は10:00〜,終日開催,https://hs.jissen.ac.jp/admission/open_school/index.html,https://www.study1.jp/kanto/school/B13P056/briefing/detail/20260822_2/,rule,https://hs.jissen.ac.jp/admission/open_school/index.html
実践女子学園中学校,2026/9/5(土),,第2回学校説明会（オンデマンド),オンライン,全学年,要予約 予約する,申込み開始は、原則1ヶ月前の平日20:00〜、土日祝は10:00〜,動画配信日になりましたら、ご予約・ご登録いただいた方に、登録メールアドレスに接続URLをお知らせ致します。動画は一定期間ご視聴いただけます。,https://hs.jissen.ac.jp/admission/open_school/index.html,https://www.study1.jp/kanto/school/B13P056/briefing/detail/20260905_1/,rule,https://hs.jissen.ac.jp/admission/open_school/index.html
実践女子学園中学校,2026/9/5(土),10:30～12:30,第2回学校説明会(来校型）,本校,全学年,要予約 予約する,申込み開始は、原則1ヶ月前の平日20:00〜、土日祝は10:00〜,,https://hs.jissen.ac.jp/admission/open_school/index.html,https://www.study1.jp/kanto/school/B13P056/briefing/detail/20260905_2/,rule,https://hs.jissen.ac.jp/admission/open_school/index.html
実践女子学園中学校,2026/9/26(土),9:00～16:00,ときわ祭（中高合同）,本校,受験生,要予約 予約する,申込み開始は、原則1ヶ月前の平日20:00〜、土日祝は10:00〜,ときわ祭内でミニ説明会も実施しますので、ぜひご参加ください。,https://hs.jissen.ac.jp/admission/open_school/index.html,https://www.study1.jp/kanto/school/B13P056/briefing/detail/20260926/,rule,https://hs.jissen.ac.jp/admission/open_school/index.html
実践女子学園中学校,2026/9/27(日),9:00～16:00,ときわ祭（中高合同）,本校,受験生,要予約 予約する,申込み開始は、原則1ヶ月前の平日20:00〜、土日祝は10:00〜,ときわ祭内でミニ説明会も実施しますので、ぜひご参加ください。,https://hs.jissen.ac.jp/admission/open_school/index.html,https://www.study1.jp/kanto/school/B13P056/briefing/detail/20260927/,rule,https://hs.jissen.ac.jp/admission/open_school/index.html
実践女子学園中学校,2026/10/17(土),,第1回入試説明会（オンデマンド),オンライン,小学校6年生,要予約 予約する,申込み開始は、原則1ヶ月前の平日20:00〜、土日祝は10:00〜,動画配信日になりましたら、ご予約・ご登録いただいた方に、登録メールアドレスに接続URLをお知らせ致します。動画は一定期間ご視聴いただけます。,https://hs.jissen.ac.jp/admission/open_school/index.html,https://www.study1.jp/kanto/school/B13P056/briefing/detail/20261017_1/,rule,https://hs.jissen.ac.jp/admission/open_school/index.html
実践女子学園中学校,2026/10/17(土),10:00～12:30,第1回入試説明会(来校型),本校,小学校6年生,要予約 予約する,申込み開始は、原則1ヶ月前の平日20:00〜、土日祝は10:00〜,,https://hs.jissen.ac.jp/admission/open_school/index.html,https://www.study1.jp/kanto/school/B13P056/briefing/detail/20261017_2/,rule,https://hs.jissen.ac.jp/admission/open_school/index.html
実践女子学園中学校,2026/11/14(土),14:00～16:00,第2回オープンスクール(授業編),本校,全学年,要予約 予約する,申込み開始は、原則1ヶ月前の平日20:00〜、土日祝は10:00〜,,https://hs.jissen.ac.jp/admission/open_school/index.html,https://www.study1.jp/kanto/school/B13P056/briefing/detail/20261114/,rule,https://hs.jissen.ac.jp/admission/open_school/index.html
実践女子学園中学校,2026/11/21(土),14:00～16:30,第2回入試説明会(来校型）,本校,"小学校5,6年生",要予約 予約する,申込み開始は、原則1ヶ月前の平日20:00〜、土日祝は10:00〜,,https://hs.jissen.ac.jp/admission/open_school/index.html,https://www.study1.jp/kanto/school/B13P056/briefing/detail/20261121/,rule,https://hs.jissen.ac.jp/admission/open_school/index.html
実践女子学園中学校,2026/12/5(土),8:40～11:10,入試体験会（2科）【午前の部】,本校,小学校6年生,要予約 予約する,申込み開始は、原則1ヶ月前の平日20:00〜、土日祝は10:00〜,,https://hs.jissen.ac.jp/admission/open_school/index.html,https://www.study1.jp/kanto/school/B13P056/briefing/detail/20261205_1/,rule,https://hs.jissen.ac.jp/admission/open_school/index.html
実践女子学園中学校,2026/12/5(土),14:00～16:30,入試体験会（2科）【午後の部】,本校,小学校6年生,要予約 予約する,申込み開始は、原則1ヶ月前の平日20:00〜、土日祝は10:00〜,,https://hs.jissen.ac.jp/admission/open_school/index.html,https://www.study1.jp/kanto/school/B13P056/briefing/detail/20261205_2/,rule,https://hs.jissen.ac.jp/admission/open_school/index.html
実践女子学園中学校,2026/12/26(土),,生徒による受験生向けイベント,本校,全学年,要予約 予約する,申込み開始は、原則1ヶ月前の平日20:00〜、土日祝は10:00〜,,https://hs.jissen.ac.jp/admission/open_school/index.html,https://www.study1.jp/kanto/school/B13P056/briefing/detail/20261226/,rule,https://hs.jissen.ac.jp/admission/open_school/index.html
実践女子学園中学校,2027/1/16(土),10:00～12:30,第3回入試説明会(来校型）,本校,小学校6年生,要予約 予約する,申込み開始は、原則1ヶ月前の平日20:00〜、土日祝は10:00〜,,https://hs.jissen.ac.jp/admission/open_school/index.html,https://www.study1.jp/kanto/school/B13P056/briefing/detail/20270116/,rule,https://hs.jissen.ac.jp/admission/open_school/index.html
実践女子学園中学校,,,過去のオンライン説明会　動画（随時）,オンライン,-,学校のホームページをご確認ください。 予約する,申込み開始は、原則1ヶ月前の平日20:00〜、土日祝は10:00〜,,https://hs.jissen.ac.jp/movie_list/index.html,https://www.study1.jp/kanto/school/B13P056/briefing/detail/20270000/,rule,https://hs.jissen.ac.jp/admission/open_school/index.html
広尾学園中学校,2026/5/30(土),10:00～,入試結果報告会・生徒によるコース紹介,本校,小学5・6年生の生徒・保護者,要予約 予約する,申込開始予定日：2026年5月8日（金）10:00〜,【入試結果報告会】10:00～ ※通常の学校説明会は実施しません。 ※AGをお考えの方は対象外となります。 【生徒によるコース紹介】 ・本科 ・医進・サイエンス ・インターナショナルSG ・インターナショナルAG,https://www.hiroogakuen.ed.jp/junior/j_setumeikai.html,https://www.study1.jp/kanto/school/B13P111/briefing/detail/20260530/,exact,https://www.hiroogakuen.ed.jp/junior/j_setumeikai.html
広尾学園中学校,2026/6/8(月),,中学スポーツフェスティバル,-,中学受験希望者・保護者,要予約 予約する,,,https://www.hiroogakuen.ed.jp/junior/j_setumeikai.html,https://www.study1.jp/kanto/school/B13P111/briefing/detail/20260608/,unknown,https://www.study1.jp/kanto/school/B13P111/briefing/detail/20260608/
広尾学園中学校,2026/6/13(土),,第1回授業体験会・学校説明会・生徒によるコース紹介【午前】,本校,中学受験希望者・保護者,要予約 予約する,申込開始予定日：2026年5月22日（金）10:00〜,【授業体験会】 【学校説明会】 （1）ご挨拶 （2）広尾学園及びコース紹介 （3）学園生活と入試情報 （4）トピック(その時々の話題） 【生徒によるコース紹介】 ・本科 ・医進・サイエンス ・インターナショナルSG ・インターナショナルAG,https://www.hiroogakuen.ed.jp/junior/j_setumeikai.html,https://www.study1.jp/kanto/school/B13P111/briefing/detail/20260613_1/,exact,https://www.hiroogakuen.ed.jp/junior/j_setumeikai.html
広尾学園中学校,2026/6/13(土),,第1回授業体験会・学校説明会・生徒によるコース紹介【午後】,本校,中学受験希望者・保護者,要予約 予約する,申込開始予定日：2026年5月22日（金）10:00〜,【授業体験会】 【学校説明会】 （1）ご挨拶 （2）広尾学園及びコース紹介 （3）学園生活と入試情報 （4）トピック(その時々の話題） 【生徒によるコース紹介】 ・本科 ・医進・サイエンス ・インターナショナルSG ・インターナショナルAG,https://www.hiroogakuen.ed.jp/junior/j_setumeikai.html,https://www.study1.jp/kanto/school/B13P111/briefing/detail/20260613_2/,exact,https://www.hiroogakuen.ed.jp/junior/j_setumeikai.html
広尾学園中学校,2026/9/5(土),,第2回授業体験会・学校説明会・生徒によるコース紹介【午前】,本校,中学受験希望者・保護者,要予約 予約する,申込開始予定日：2026年8月7日（金）10:00〜,【授業体験会】 【学校説明会】 （1）ご挨拶 （2）広尾学園及びコース紹介 （3）学園生活と入試情報 （4）トピック(その時々の話題） 【生徒によるコース紹介】 ・本科 ・医進・サイエンス ・インターナショナルSG ・インターナショナルAG,https://www.hiroogakuen.ed.jp/junior/j_setumeikai.html,https://www.study1.jp/kanto/school/B13P111/briefing/detail/20260905_1/,exact,https://www.hiroogakuen.ed.jp/junior/j_setumeikai.html
広尾学園中学校,2026/9/5(土),,第2回授業体験会・学校説明会・生徒によるコース紹介【午後】,本校,中学受験希望者・保護者,要予約 予約する,申込開始予定日：2026年8月7日（金）10:00〜,【授業体験会】 【学校説明会】 （1）ご挨拶 （2）広尾学園及びコース紹介 （3）学園生活と入試情報 （4）トピック(その時々の話題） 【生徒によるコース紹介】 ・本科 ・医進・サイエンス ・インターナショナルSG ・インターナショナルAG,https://www.hiroogakuen.ed.jp/junior/j_setumeikai.html,https://www.study1.jp/kanto/school/B13P111/briefing/detail/20260905_2/,exact,https://www.hiroogakuen.ed.jp/junior/j_setumeikai.html
広尾学園中学校,2026/10/3(土),,けやき祭,本校,中学受験希望者・保護者,要予約 予約する,,,https://www.hiroogakuen.ed.jp/junior/j_setumeikai.html,https://www.study1.jp/kanto/school/B13P111/briefing/detail/20261003/,unknown,https://www.study1.jp/kanto/school/B13P111/briefing/detail/20261003/
広尾学園中学校,2026/10/4(日),,けやき祭,本校,中学受験希望者・保護者,要予約 予約する,,,https://www.hiroogakuen.ed.jp/junior/j_setumeikai.html,https://www.study1.jp/kanto/school/B13P111/briefing/detail/20261004/,unknown,https://www.study1.jp/kanto/school/B13P111/briefing/detail/20261004/
広尾学園中学校,2026/10/17(土),,第3回学校説明会・生徒によるコース紹介【午前】,本校,中学受験希望者・保護者,要予約 予約する,申込開始予定日：2026年9月25日（金）10:00〜,【学校説明会】 （1）ご挨拶 （2）広尾学園及びコース紹介 （3）学園生活と入試情報 （4）トピック(その時々の話題） 【生徒によるコース紹介】 ・本科 ・医進・サイエンス ・インターナショナルSG ・インターナショナルAG。,https://www.hiroogakuen.ed.jp/junior/j_setumeikai.html,https://www.study1.jp/kanto/school/B13P111/briefing/detail/20261017_1/,exact,https://www.hiroogakuen.ed.jp/junior/j_setumeikai.html
広尾学園中学校,2026/10/17(土),,第3回学校説明会・生徒によるコース紹介【午後】,本校,中学受験希望者・保護者,要予約 予約する,申込開始予定日：2026年9月25日（金）10:00〜,【学校説明会】 （1）ご挨拶 （2）広尾学園及びコース紹介 （3）学園生活と入試情報 （4）トピック(その時々の話題） 【生徒によるコース紹介】 ・本科 ・医進・サイエンス ・インターナショナルSG ・インターナショナルAG。,https://www.hiroogakuen.ed.jp/junior/j_setumeikai.html,https://www.study1.jp/kanto/school/B13P111/briefing/detail/20261017_2/,exact,https://www.hiroogakuen.ed.jp/junior/j_setumeikai.html
広尾学園中学校,2026/11/8(日),,第1回入試傾向説明会・学校説明会・生徒によるコース紹介【午前】,本校,中学受験希望者・保護者,要予約 予約する,申込開始予定日：2026年10月16日（金）10:00〜,【入試傾向説明会】 入試傾向説明会昨年度の入試結果や、今年度の入試の傾向について各教科の責任者よりご説明いたします。 【学校説明会】 （1）ご挨拶 （2）広尾学園及びコース紹介 （3）学園生活と入試情報 （4）トピック(その時々の話題） 【生徒によるコース紹介】 ・本科 ・医進・サイエンス ・インターナショナルSG ・インターナショナルAG,https://www.hiroogakuen.ed.jp/junior/j_setumeikai.html,https://www.study1.jp/kanto/school/B13P111/briefing/detail/20261108_1/,exact,https://www.hiroogakuen.ed.jp/junior/j_setumeikai.html
広尾学園中学校,2026/11/8(日),,第1回入試傾向説明会・学校説明会・生徒によるコース紹介【午後】,本校,中学受験希望者・保護者,要予約 予約する,申込開始予定日：2026年10月16日（金）10:00〜,【入試傾向説明会】 入試傾向説明会昨年度の入試結果や、今年度の入試の傾向について各教科の責任者よりご説明いたします。 【学校説明会】 （1）ご挨拶 （2）広尾学園及びコース紹介 （3）学園生活と入試情報 （4）トピック(その時々の話題） 【生徒によるコース紹介】 ・本科 ・医進・サイエンス ・インターナショナルSG ・インターナショナルAG,https://www.hiroogakuen.ed.jp/junior/j_setumeikai.html,https://www.study1.jp/kanto/school/B13P111/briefing/detail/20261108_2/,exact,https://www.hiroogakuen.ed.jp/junior/j_setumeikai.html
広尾学園中学校,2026/12/12(土),,第2回入試傾向説明会・学校説明会・生徒によるコース紹介【午前】,本校,中学受験希望者・保護者,要予約 予約する,申込開始予定日：2026年11月20日（金）10:00〜,【入試傾向説明会】 入試傾向説明会昨年度の入試結果や、今年度の入試の傾向について各教科の責任者よりご説明いたします。 【学校説明会】 （1）ご挨拶 （2）広尾学園及びコース紹介 （3）学園生活と入試情報 （4）トピック(その時々の話題） 【生徒によるコース紹介】 ・本科 ・医進・サイエンス ・インターナショナルSG ・インターナショナルAG,https://www.hiroogakuen.ed.jp/junior/j_setumeikai.html,https://www.study1.jp/kanto/school/B13P111/briefing/detail/20261212_1/,exact,https://www.hiroogakuen.ed.jp/junior/j_setumeikai.html
広尾学園中学校,2026/12/12(土),,第2回入試傾向説明会・学校説明会・生徒によるコース紹介【午後】,本校,中学受験希望者・保護者,要予約 予約する,申込開始予定日：2026年11月20日（金）10:00〜,【入試傾向説明会】 入試傾向説明会昨年度の入試結果や、今年度の入試の傾向について各教科の責任者よりご説明いたします。 【学校説明会】 （1）ご挨拶 （2）広尾学園及びコース紹介 （3）学園生活と入試情報 （4）トピック(その時々の話題） 【生徒によるコース紹介】 ・本科 ・医進・サイエンス ・インターナショナルSG ・インターナショナルAG,https://www.hiroogakuen.ed.jp/junior/j_setumeikai.html,https://www.study1.jp/kanto/school/B13P111/briefing/detail/20261212_2/,exact,https://www.hiroogakuen.ed.jp/junior/j_setumeikai.html
東京女学館中学校,2026/5/9(土),9:45～11:45,第1回　学校説明会,本校,受験生・保護者,要予約 予約する,予約受付開始：2026年4月9日（木）10:00〜,学校説明会は東京女学館の教育方針・学校生活等をご理解いただく機会です。 ※ご予約は1組2名(保護者1名と受験生1名)までとさせていただきます。 ※上履きは不要です。 ※全体会の終了後、希望者は授業見学ができます。個別相談も実施します。,https://tjk.jp/mh/examinee/briefing/,https://www.study1.jp/kanto/school/B13P089/briefing/detail/20260509/,exact,https://tjk.jp/mh/examinee/briefing/
東京女学館中学校,2026/6/13(土),14:30～16:30,第1回　オープンスクール,本校,受験生・保護者,要予約 予約する,予約受付開始：2026年5月13日（水）10:00〜,生徒のクラブ活動や学校生活の様子をご自由にご覧いただけます。 ※上履きは不要です。,https://tjk.jp/mh/examinee/briefing/,https://www.study1.jp/kanto/school/B13P089/briefing/detail/20260613/,exact,https://tjk.jp/mh/examinee/briefing/
東京女学館中学校,2026/7/11(土),14:00～16:00,第2回　学校説明会,本校,受験生・保護者,要予約 予約する,予約受付開始：2026年6月11日（木）10:00〜,学校説明会は東京女学館の教育方針・学校生活等をご理解いただく機会です。 ※ご予約は1組2名(保護者1名と受験生1名)までとさせていただきます。 ※上履きは不要です。 ※全体会の終了後、希望者は校内見学ができます。個別相談も実施します。,https://tjk.jp/mh/examinee/briefing/,https://www.study1.jp/kanto/school/B13P089/briefing/detail/20260711/,exact,https://tjk.jp/mh/examinee/briefing/
東京女学館中学校,2026/7/18(土),13:30～15:30,国際学級・帰国生対象説明会,本校,受験生・保護者,要予約 予約する,予約受付開始：2026年6月18日（木）10:00〜,国際学級と帰国生入試に特化した説明会です。帰国生入試や国際学級の特徴についてご説明いたします。 ※校内見学あり。,https://tjk.jp/mh/examinee/briefing/,https://www.study1.jp/kanto/school/B13P089/briefing/detail/20260718/,exact,https://tjk.jp/mh/examinee/briefing/
東京女学館中学校,2026/8/29(土),13:30～16:30,校内見学ツアー,本校,受験生・保護者,要予約 予約する,申し込み開始：2026年8月5日（水）10:00〜,インタープリター(生徒有志による案内係)の生徒が学校の様子をお話させていただきながら、校内をご案内いたします。 所要時間は40分~ 1時間です。 ①13:30～ ②14:30～ ③15:30～,https://tjk.jp/mh/examinee/briefing/,https://www.study1.jp/kanto/school/B13P089/briefing/detail/20260829/,exact,https://tjk.jp/mh/examinee/briefing/
東京女学館中学校,2026/10/3(土),14:30～16:30,第2回　オープンスクール,本校,受験生・保護者,要予約 予約する,予約受付開始：2026年9月3日（木）10:00〜,生徒のクラブ活動や学校生活の様子をご自由にご覧いただけます。 ※上履きは不要です。,https://tjk.jp/mh/examinee/briefing/,https://www.study1.jp/kanto/school/B13P089/briefing/detail/20261003/,exact,https://tjk.jp/mh/examinee/briefing/
東京女学館中学校,2026/10/24(土),9:45～11:45,第3回　学校説明会,本校,受験生・保護者,要予約 予約する,予約受付開始：2026年9月24日（木）10:00〜,学校説明会は東京女学館の教育方針・学校生活等をご理解いただく機会です。 ※ご予約は1組2名(保護者1名と受験生1名)までとさせていただきます。 ※上履きは不要です。 ※全体会の終了後、希望者は授業見学ができます。個別相談も実施します。,https://tjk.jp/mh/examinee/briefing/,https://www.study1.jp/kanto/school/B13P089/briefing/detail/20261024/,exact,https://tjk.jp/mh/examinee/briefing/
東京女学館中学校,2026/11/7(土),11:15～16:30,創立138周年記念祭（学園祭）,本校,受験生・保護者,要予約 予約する,予約受付開始：2026年10月7日（水）10:00〜,※入試個別相談を実施。 ※定員・人数制限なし。 ※入場受付は16:00終了。,https://tjk.jp/mh/examinee/briefing/,https://www.study1.jp/kanto/school/B13P089/briefing/detail/20261107/,exact,https://tjk.jp/mh/examinee/briefing/
東京女学館中学校,2026/11/8(日),9:00～16:30,創立138周年記念祭（学園祭）,本校,受験生・保護者,要予約 予約する,予約受付開始：2026年10月7日（水）10:00〜,※入試個別相談を実施。 ※定員・人数制限なし。 ※入場受付は16:00終了。,https://tjk.jp/mh/examinee/briefing/,https://www.study1.jp/kanto/school/B13P089/briefing/detail/20261108/,exact,https://tjk.jp/mh/examinee/briefing/
東京女学館中学校,2026/11/14(土),14:00～16:00,第1回　入試説明会,本校,受験生（小学6年生）・保護者,要予約 予約する,予約受付開始：2026年10月14日（水）10:00〜,入試説明会では東京女学館の入試について、各教科より出題傾向・対策など具体的にご説明いたします。 ※校内見学あり。 ※ご参加は受験生1名・保護者1名までとさせていただきます。 ※上履きは不要です。 ※全体会終了後、希望者は校内見学ができます。また、入試個別相談も受け付けます。 ※第1回・第2回ともに内容は同じです。,https://tjk.jp/mh/examinee/briefing/,https://www.study1.jp/kanto/school/B13P089/briefing/detail/20261114/,exact,https://tjk.jp/mh/examinee/briefing/
東京女学館中学校,2026/12/12(土),10:00～12:00,第2回　入試説明会,本校,受験生（学年制限なし）・保護者,要予約 予約する,予約受付開始：2026年11月12日（木）10:00〜,入試説明会では東京女学館の入試について、各教科より出題傾向・対策など具体的にご説明いたします。 ※校内見学あり。 ※ご参加は受験生1名・保護者1名までとさせていただきます。 ※上履きは不要です。 ※全体会終了後、希望者は校内見学ができます。また、入試個別相談も受け付けます。 ※第1回・第2回ともに内容は同じです。,https://tjk.jp/mh/examinee/briefing/,https://www.study1.jp/kanto/school/B13P089/briefing/detail/20261212/,exact,https://tjk.jp/mh/examinee/briefing/
東京女学館中学校,2027/1/9(土),14:00～16:00,第4回　学校説明会,本校,受験生・保護者,要予約 予約する,予約受付開始：2026年12月9日（水）10:00〜,学校説明会は東京女学館の教育方針・学校生活等をご理解いただく機会です。 ※ご予約は1組2名(保護者1名と受験生1名)までとさせていただきます。 ※上履きは不要です。 ※全体会の終了後、希望者は校内見学ができます。個別相談も実施します。,https://tjk.jp/mh/examinee/briefing/,https://www.study1.jp/kanto/school/B13P089/briefing/detail/20270109/,exact,https://tjk.jp/mh/examinee/briefing/
東京女学館中学校,2027/3/13(土),10:00～13:00,校内見学ツアー,本校,受験生・保護者,要予約 予約する,申し込み開始：2027年2月13日（土）10:00〜,インタープリター(生徒有志による案内係)の生徒が学校の様子をお話させていただきながら、校内をご案内いたします。 所要時間は40分~ 1時間です。 ①10:00～ ②11:00～ ③12:00～,https://tjk.jp/mh/examinee/briefing/,https://www.study1.jp/kanto/school/B13P089/briefing/detail/20270313/,exact,https://tjk.jp/mh/examinee/briefing/
普連土学園中学校,2026/5/7(木),16:40～17:30,生徒による校舎案内ツアー（第１期）,本校,-,要予約 予約する,予約受付開始：2026年4月25日（土）13:00〜,受付：16:20～16:30 見学：16:40～17:30 在校生が普連土学園をご案内いたします。 どのような学園生活を送っているのか、直接質問をしながら施設を回ることができます。 ※在校生2名につき、2組（1組3名以内）までのご案内です。 ※ご案内時間は45～50分程度を予定しております。,https://www.friends.ac.jp/admission-events/22372/,https://www.study1.jp/kanto/school/B13P115/briefing/detail/20260507/,exact,https://www.friends.ac.jp/admission-events/22372/
普連土学園中学校,2026/5/8(金),16:40～17:30,生徒による校舎案内ツアー（第１期）,本校,-,要予約 予約する,予約受付開始：2026年4月25日（土）13:00〜,受付：16:20～16:30 見学：16:40～17:30 在校生が普連土学園をご案内いたします。 どのような学園生活を送っているのか、直接質問をしながら施設を回ることができます。 ※在校生2名につき、2組（1組3名以内）までのご案内です。 ※ご案内時間は45～50分程度を予定しております。,https://www.friends.ac.jp/admission-events/22372/,https://www.study1.jp/kanto/school/B13P115/briefing/detail/20260508/,exact,https://www.friends.ac.jp/admission-events/22372/
普連土学園中学校,2026/5/11(月),16:40～17:30,生徒による校舎案内ツアー（第１期）,本校,-,要予約 予約する,予約受付開始：2026年4月25日（土）13:00〜,受付：16:20～16:30 見学：16:40～17:30 在校生が普連土学園をご案内いたします。 どのような学園生活を送っているのか、直接質問をしながら施設を回ることができます。 ※在校生2名につき、2組（1組3名以内）までのご案内です。 ※ご案内時間は45～50分程度を予定しております。,https://www.friends.ac.jp/admission-events/22372/,https://www.study1.jp/kanto/school/B13P115/briefing/detail/20260511/,exact,https://www.friends.ac.jp/admission-events/22372/
普連土学園中学校,2026/5/12(火),16:40～17:30,生徒による校舎案内ツアー（第１期）,本校,-,要予約 予約する,予約受付開始：2026年4月25日（土）13:00〜,受付：16:20～16:30 見学：16:40～17:30 在校生が普連土学園をご案内いたします。 どのような学園生活を送っているのか、直接質問をしながら施設を回ることができます。 ※在校生2名につき、2組（1組3名以内）までのご案内です。 ※ご案内時間は45～50分程度を予定しております。,https://www.friends.ac.jp/admission-events/22372/,https://www.study1.jp/kanto/school/B13P115/briefing/detail/20260512/,exact,https://www.friends.ac.jp/admission-events/22372/
普連土学園中学校,2026/5/13(水),16:40～17:30,生徒による校舎案内ツアー（第１期）,本校,-,要予約 予約する,予約受付開始：2026年4月25日（土）13:00〜,受付：16:20～16:30 見学：16:40～17:30 在校生が普連土学園をご案内いたします。 どのような学園生活を送っているのか、直接質問をしながら施設を回ることができます。 ※在校生2名につき、2組（1組3名以内）までのご案内です。 ※ご案内時間は45～50分程度を予定しております。,https://www.friends.ac.jp/admission-events/22372/,https://www.study1.jp/kanto/school/B13P115/briefing/detail/20260513/,exact,https://www.friends.ac.jp/admission-events/22372/
普連土学園中学校,2026/5/14(木),16:40～17:30,生徒による校舎案内ツアー（第１期）,本校,-,要予約 予約する,予約受付開始：2026年4月25日（土）13:00〜,受付：16:20～16:30 見学：16:40～17:30 在校生が普連土学園をご案内いたします。 どのような学園生活を送っているのか、直接質問をしながら施設を回ることができます。 ※在校生2名につき、2組（1組3名以内）までのご案内です。 ※ご案内時間は45～50分程度を予定しております。,https://www.friends.ac.jp/admission-events/22372/,https://www.study1.jp/kanto/school/B13P115/briefing/detail/20260514/,exact,https://www.friends.ac.jp/admission-events/22372/
普連土学園中学校,2026/5/16(土),10:00～12:00,学校説明会＆普連土生による個別質問コーナー（第１回 学校説明会）,本校,小学生・保護者,要予約 予約する,要予約イベントの予約受付開始日時は3週間前を目安にトップページへ掲示,【プログラム】 9:30~10:00 受付(講堂ホワイエ) 10:00~10:10 聖歌隊発表 10:10~10:20 学校長挨拶 10:20~11:00 学校説明会 11:00~12:00 校内自由見学 ※校内各所にて生徒・教員がご案内します。 ※校内自由見学の時間に、生徒によるミニ学校説明会、生徒と教員の座談会、生徒・教員・在校生保護者への個別質問コーナーも開催いたします(参加任意)。 ※小学生1名・保護者1名でご参加ください。（保護者1名のみの参加も可）,https://www.friends.ac.jp/examination/event.html,https://www.study1.jp/kanto/school/B13P115/briefing/detail/20260516/,rule,https://www.friends.ac.jp/examination/event.html
普連土学園中学校,2026/5/18(月),16:40～17:30,生徒による校舎案内ツアー（第１期）,本校,-,要予約 予約する,予約受付開始：2026年4月25日（土）13:00〜,受付：16:20～16:30 見学：16:40～17:30 在校生が普連土学園をご案内いたします。 どのような学園生活を送っているのか、直接質問をしながら施設を回ることができます。 ※在校生2名につき、2組（1組3名以内）までのご案内です。 ※ご案内時間は45～50分程度を予定しております。,https://www.friends.ac.jp/admission-events/22372/,https://www.study1.jp/kanto/school/B13P115/briefing/detail/20260518/,exact,https://www.friends.ac.jp/admission-events/22372/
普連土学園中学校,2026/5/19(火),16:40～17:30,生徒による校舎案内ツアー（第１期）,本校,-,要予約 予約する,予約受付開始：2026年4月25日（土）13:00〜,受付：16:20～16:30 見学：16:40～17:30 在校生が普連土学園をご案内いたします。 どのような学園生活を送っているのか、直接質問をしながら施設を回ることができます。 ※在校生2名につき、2組（1組3名以内）までのご案内です。 ※ご案内時間は45～50分程度を予定しております。,https://www.friends.ac.jp/admission-events/22372/,https://www.study1.jp/kanto/school/B13P115/briefing/detail/20260519/,exact,https://www.friends.ac.jp/admission-events/22372/
普連土学園中学校,2026/5/20(水),16:40～17:30,生徒による校舎案内ツアー（第１期）,本校,-,要予約 予約する,予約受付開始：2026年4月25日（土）13:00〜,受付：16:20～16:30 見学：16:40～17:30 在校生が普連土学園をご案内いたします。 どのような学園生活を送っているのか、直接質問をしながら施設を回ることができます。 ※在校生2名につき、2組（1組3名以内）までのご案内です。 ※ご案内時間は45～50分程度を予定しております。,https://www.friends.ac.jp/admission-events/22372/,https://www.study1.jp/kanto/school/B13P115/briefing/detail/20260520/,exact,https://www.friends.ac.jp/admission-events/22372/
普連土学園中学校,2026/6/20(土),10:00～12:00,学校説明会＆普連土生による個別質問コーナー（第２回 学校説明会）,本校,-,要予約 予約する,要予約イベントの予約受付開始日時は3週間前を目安にトップページへ掲示,,https://www.friends.ac.jp/examination/event.html,https://www.study1.jp/kanto/school/B13P115/briefing/detail/20260620/,rule,https://www.friends.ac.jp/examination/event.html
普連土学園中学校,2026/7/4(土),9:00～12:00,学校体験日＆普連土生による個別質問コーナー（第１回 学校体験日）,本校,-,要予約 予約する,要予約イベントの予約受付開始日時は3週間前を目安にトップページへ掲示,,https://www.friends.ac.jp/examination/event.html,https://www.study1.jp/kanto/school/B13P115/briefing/detail/20260704/,rule,https://www.friends.ac.jp/examination/event.html
普連土学園中学校,2026/8/28(金),19:00～20:30,イブニング説明会＆卒業生座談会（第１回 イブニング説明会）,本校,-,要予約 予約する,要予約イベントの予約受付開始日時は3週間前を目安にトップページへ掲示,,https://www.friends.ac.jp/examination/event.html,https://www.study1.jp/kanto/school/B13P115/briefing/detail/20260828/,rule,https://www.friends.ac.jp/examination/event.html
普連土学園中学校,2026/10/2(金),10:00～12:00,学校説明会＆授業見学（第３回 学校説明会）,本校,-,要予約 予約する,要予約イベントの予約受付開始日時は3週間前を目安にトップページへ掲示,,https://www.friends.ac.jp/examination/event.html,https://www.study1.jp/kanto/school/B13P115/briefing/detail/20261002/,rule,https://www.friends.ac.jp/examination/event.html
普連土学園中学校,2026/10/13(火),10:00～12:00,学校説明会＆授業見学（第４回 学校説明会）,本校,-,要予約 予約する,要予約イベントの予約受付開始日時は3週間前を目安にトップページへ掲示,,https://www.friends.ac.jp/examination/event.html,https://www.study1.jp/kanto/school/B13P115/briefing/detail/20261013/,rule,https://www.friends.ac.jp/examination/event.html
普連土学園中学校,2026/10/24(土),9:00～15:00,学園祭,本校,-,要予約 予約する,要予約イベントの予約受付開始日時は3週間前を目安にトップページへ掲示,,https://www.friends.ac.jp/examination/event.html,https://www.study1.jp/kanto/school/B13P115/briefing/detail/20261024/,rule,https://www.friends.ac.jp/examination/event.html
普連土学園中学校,2026/10/30(金),19:00～20:30,イブニング説明会＆卒業生座談会（第２回 イブニング説明会）,本校,-,要予約 予約する,要予約イベントの予約受付開始日時は3週間前を目安にトップページへ掲示,,https://www.friends.ac.jp/examination/event.html,https://www.study1.jp/kanto/school/B13P115/briefing/detail/20261030/,rule,https://www.friends.ac.jp/examination/event.html
普連土学園中学校,2026/11/2(月),16:40～17:30,生徒による校舎案内ツアー（第２期）,本校,-,要予約 予約する,要予約イベントの予約受付開始日時は3週間前を目安にトップページへ掲示,,https://www.friends.ac.jp/examination/event.html,https://www.study1.jp/kanto/school/B13P115/briefing/detail/20261102/,rule,https://www.friends.ac.jp/examination/event.html
普連土学園中学校,2026/11/14(土),9:00～12:00,学校体験日＆普連土生による個別質問コーナー（第２回 学校体験日）,本校,-,要予約 予約する,要予約イベントの予約受付開始日時は3週間前を目安にトップページへ掲示,,https://www.friends.ac.jp/examination/event.html,https://www.study1.jp/kanto/school/B13P115/briefing/detail/20261114/,rule,https://www.friends.ac.jp/examination/event.html
普連土学園中学校,2026/11/20(金),10:00～12:00,学校説明会＆授業見学（第５回 学校説明会）,本校,-,要予約 予約する,要予約イベントの予約受付開始日時は3週間前を目安にトップページへ掲示,,https://www.friends.ac.jp/examination/event.html,https://www.study1.jp/kanto/school/B13P115/briefing/detail/20261120/,rule,https://www.friends.ac.jp/examination/event.html
普連土学園中学校,2026/12/7(月),10:00～,入試解説動画配信,オンライン,-,要予約 予約する,要予約イベントの予約受付開始日時は3週間前を目安にトップページへ掲示,,https://www.friends.ac.jp/examination/event.html,https://www.study1.jp/kanto/school/B13P115/briefing/detail/20261207/,rule,https://www.friends.ac.jp/examination/event.html
普連土学園中学校,2026/12/19(土),9:00～12:00,入試相談会,本校,６年生,要予約 予約する,要予約イベントの予約受付開始日時は3週間前を目安にトップページへ掲示,,https://www.friends.ac.jp/examination/event.html,https://www.study1.jp/kanto/school/B13P115/briefing/detail/20261219/,rule,https://www.friends.ac.jp/examination/event.html
普連土学園中学校,2027/2/13(土),9:00～12:00,学校体験日＆普連土生による個別質問コーナー（第３回 学校体験日）,本校,５年生以下,要予約 予約する,要予約イベントの予約受付開始日時は3週間前を目安にトップページへ掲示,,https://www.friends.ac.jp/examination/event.html,https://www.study1.jp/kanto/school/B13P115/briefing/detail/20270213/,rule,https://www.friends.ac.jp/examination/event.html
女子学院中学校,2026/5/30(土),10:00～,生徒による学校紹介,本校,小学4～６年生とその保護者,要予約 予約する,予約受付：2026年5月7日（木）11:00〜5月22日（金）11:00（miraicompass、申込先着）,講堂にて生徒による学校紹介、クラブ紹介を行います。特別な校舎見学や説明会はありません。 【時間・定員】 ・第１回 受付問始時刻　9:30 講堂問始時刻　10:00 講堂終了時刻　10:50 定員　450組（６年生枠200組、4・5年生枠250組） ・第2回 受付問始時刻　11:10 講堂問始時刻　11:40 講堂終了時刻　12:30 定員　450組（６年生枠200組、4・5年生枠250組） ・第3回 受付問始時刻　12:50 講堂問始時刻　13:20 講堂終了時刻　14:10 定員　450組（６年生枠200組、4・5年生枠250組） ・第4回 受付問始時刻　14:30 講堂問始時刻　15:00 講堂終了時刻　15:50 定員　450組（６年生枠200組、4・5年生枠250組）,https://www.joshigakuin.ed.jp/exam/inspection/,https://www.study1.jp/kanto/school/B13P061/briefing/detail/20260530/,range,https://www.joshigakuin.ed.jp/exam/inspection/
女子学院中学校,2026/10/10(土),,文化祭(マグノリア祭),本校,-,学校のホームページをご確認ください。 予約する,詳細は学校公式サイトで追って案内予定,,https://www.joshigakuin.ed.jp/exam/festival/,https://www.study1.jp/kanto/school/B13P061/briefing/detail/20261010/,tentative,https://www.joshigakuin.ed.jp/exam/festival/
女子学院中学校,2026/10/12(月),,文化祭(マグノリア祭),本校,-,学校のホームページをご確認ください。 予約する,詳細は学校公式サイトで追って案内予定,,https://www.joshigakuin.ed.jp/exam/festival/,https://www.study1.jp/kanto/school/B13P061/briefing/detail/20261012/,tentative,https://www.joshigakuin.ed.jp/exam/festival/
女子学院中学校,2026/11/10(火),,第1回学校説明会,本校,-,学校のホームページをご確認ください。 予約する,詳細は学校公式サイトで追って案内予定（昨年度は約1か月前にmiraicompassで先着受付）,,https://www.joshigakuin.ed.jp/exam/guidance/,https://www.study1.jp/kanto/school/B13P061/briefing/detail/20261110/,tentative,https://www.joshigakuin.ed.jp/exam/guidance/
女子学院中学校,2026/11/12(木),,第2回学校説明会,本校,-,学校のホームページをご確認ください。 予約する,詳細は学校公式サイトで追って案内予定（昨年度は約1か月前にmiraicompassで先着受付）,,https://www.joshigakuin.ed.jp/exam/guidance/,https://www.study1.jp/kanto/school/B13P061/briefing/detail/20261112/,tentative,https://www.joshigakuin.ed.jp/exam/guidance/
女子学院中学校,2026/11/14(土),,第3回学校説明会,本校,-,学校のホームページをご確認ください。 予約する,詳細は学校公式サイトで追って案内予定（昨年度は約1か月前にmiraicompassで先着受付）,,https://www.joshigakuin.ed.jp/exam/guidance/,https://www.study1.jp/kanto/school/B13P061/briefing/detail/20261114/,tentative,https://www.joshigakuin.ed.jp/exam/guidance/
渋谷教育学園渋谷中学校,2026/9/11(金),12:45～15:30,飛龍祭,本校,小学校6年生または5年生・保護者,要予約,Web申込開始日時など詳細は2026年7月中旬を目途に公式ページで案内予定,Webによる事前予約制。1組2名まで。上履き不要。,https://mirai-compass.net/usr/shibusbj/event/evtIndex.jsf,https://www.shibushibu.jp/admission/event_schedule.html,tentative,https://www.shibushibu.jp/admission/event_schedule.html
渋谷教育学園渋谷中学校,2026/9/12(土),9:00～12:00,飛龍祭 第1部,本校,小学校6年生または5年生・保護者,要予約,Web申込開始日時など詳細は2026年7月中旬を目途に公式ページで案内予定,完全入れ替え制。Webによる事前予約制。1組2名まで。上履き不要。,https://mirai-compass.net/usr/shibusbj/event/evtIndex.jsf,https://www.shibushibu.jp/admission/event_schedule.html,tentative,https://www.shibushibu.jp/admission/event_schedule.html
渋谷教育学園渋谷中学校,2026/9/12(土),12:45～15:30,飛龍祭 第2部,本校,小学校6年生または5年生・保護者,要予約,Web申込開始日時など詳細は2026年7月中旬を目途に公式ページで案内予定,完全入れ替え制。Webによる事前予約制。1組2名まで。上履き不要。,https://mirai-compass.net/usr/shibusbj/event/evtIndex.jsf,https://www.shibushibu.jp/admission/event_schedule.html,tentative,https://www.shibushibu.jp/admission/event_schedule.html
渋谷教育学園渋谷中学校,2026/10/17(土),14:15～15:30,第1回 学校説明会,本校,小学校6年生・保護者,要予約,詳細は2026年9月中旬を目途に公式ページで案内予定,開場13:45。入試問題の傾向と対策、帰国生入試に関する説明を予定。Webによる事前予約制。1組2名まで。上履き不要。,https://mirai-compass.net/usr/shibusbj/event/evtIndex.jsf,https://www.shibushibu.jp/admission/event_schedule.html,tentative,https://www.shibushibu.jp/admission/event_schedule.html
渋谷教育学園渋谷中学校,2026/11/21(土),14:15～15:30,第2回 学校説明会,本校,小学校4年生以上・保護者,要予約,詳細は2026年9月中旬を目途に公式ページで案内予定,開場13:45。入試問題の傾向と対策、帰国生入試に関する説明を予定。Webによる事前予約制。1組2名まで。上履き不要。,https://mirai-compass.net/usr/shibusbj/event/evtIndex.jsf,https://www.shibushibu.jp/admission/event_schedule.html,tentative,https://www.shibushibu.jp/admission/event_schedule.html
東京大学教育学部附属中等教育学校,2026/6/13(土),10:00～11:30,学校説明会 第1回 第1部,本校,2027年度に入学を希望される小学校5・6年生の家庭,要予約,申し込み開始：2026年5月13日（水）17:00 〜 6月10日（水）17:00,対面開催。定員各600名。第1部と第2部は同内容。体育館での全体会後、各教室・案内ツアーに分かれて学校生活を案内。,https://mirai-compass.net/usr/tkuvkgfj/event/evtIndex.jsf,https://www.hs.p.u-tokyo.ac.jp/forentrance/guidance,range,https://www.hs.p.u-tokyo.ac.jp/forentrance/guidance
東京大学教育学部附属中等教育学校,2026/6/13(土),13:30～15:00,学校説明会 第1回 第2部,本校,2027年度に入学を希望される小学校5・6年生の家庭,要予約,申し込み開始：2026年5月13日（水）17:00 〜 6月10日（水）17:00,対面開催。定員各600名。第1部と第2部は同内容。体育館での全体会後、各教室・案内ツアーに分かれて学校生活を案内。,https://mirai-compass.net/usr/tkuvkgfj/event/evtIndex.jsf,https://www.hs.p.u-tokyo.ac.jp/forentrance/guidance,range,https://www.hs.p.u-tokyo.ac.jp/forentrance/guidance
東京大学教育学部附属中等教育学校,2026/10/3(土),10:00～11:30,学校説明会 第2回 第1部,本校,2027年度に入学を希望される小学校5・6年生の家庭,要予約,申し込み開始：2026年9月初旬（予定）,対面開催。定員各600名予定。第1部と第2部は同内容。体育館での全体会後、各教室・案内ツアーに分かれて学校生活を案内。,https://mirai-compass.net/usr/tkuvkgfj/event/evtIndex.jsf,https://www.hs.p.u-tokyo.ac.jp/forentrance/guidance,tentative,https://www.hs.p.u-tokyo.ac.jp/forentrance/guidance
東京大学教育学部附属中等教育学校,2026/10/3(土),13:30～15:00,学校説明会 第2回 第2部,本校,2027年度に入学を希望される小学校5・6年生の家庭,要予約,申し込み開始：2026年9月初旬（予定）,対面開催。定員各600名予定。第1部と第2部は同内容。体育館での全体会後、各教室・案内ツアーに分かれて学校生活を案内。,https://mirai-compass.net/usr/tkuvkgfj/event/evtIndex.jsf,https://www.hs.p.u-tokyo.ac.jp/forentrance/guidance,tentative,https://www.hs.p.u-tokyo.ac.jp/forentrance/guidance
