学校名,study1_id,住所,TEL,最寄駅・アクセス,公式URL,スタディURL,説明会URL,設置,学校種別,偏差値一覧地域,スタディ偏差値,スタディ偏差値URL,キャッチコピー,注目ポイント,生徒総数,学費サマリー,特徴サマリー,制服,学校からのお知らせ,スクール特集,入試要項URL,入試結果サマリー,学費詳細,学費備考,みんな偏差値2026,みんな偏差値URL,首都圏模試偏差値,首都圏模試URL,四谷大塚偏差値,四谷大塚A80偏差値,四谷大塚C50偏差値,四谷大塚偏差値詳細,四谷大塚URL,詳細_建学の精神、教育理念,詳細_教育の特色,詳細_施設設備,詳細_学校行事,詳細_部活動,詳細_進路指導,詳細_その他,詳細_制服
渋谷教育学園渋谷中学校,B13P046,〒150-0002 東京都渋谷区渋谷1-21-18,TEL 03-3400-6363,各線「渋谷駅」より徒歩7分、千代田線「明治神宮前駅」より徒歩8分,https://www.shibushibu.jp/,https://www.study1.jp/kanto/school/B13P046/,https://www.study1.jp/kanto/school/B13P046/briefing/,私立中学,共学校,東京23区,70,https://www.study1.jp/kanto/list/deviation.html,,,,"初年度納入金合計 / 年間学費 | 1,143,000 円 / 780,000 円",,あり,,,https://www.shibushibu.jp/admission/detail.html,2026年 / 【2/1】1回 / 4教科 / 男 / 70 / 163 / 151 / 52 / 2.9 | 女 / 240 / 219 / 63 / 3.5 | 試験合計 / 70 / 403 / 370 / 115 / 3.2 | 【2/2】2回 / 4教科 / 男 / 70 / 456 / 411 / 153 / 2.7 | 女 / 271 / 231 / 72 / 3.2 | 試験合計 / 70 / 727 / 642 / 225 / 2.9,"初年度のみの納入金 入学金 290,000 円 施設費 70,000 円 教育充実費 - その他 3,000 円 初年度のみの納入金 合計（Ａ） 363,000 円 / 初年度のみの納入金 / 入学金 / 290,000 円 / 施設費 / 70,000 円 / 教育充実費 / - / その他 / 3,000 円 / 初年度のみの納入金 合計（Ａ） / 363,000 円 / 年学費 授業料 534,000 円 施設維持費 204,000 円 教育充実費 - その他 42,000 円 年学費 合計（Ｂ） 780,000 円 / 年学費 / 授業料 / 534,000 円 / 施設維持費 / 204,000 円 / 教育充実費 / - / その他 / 42,000 円 / 年学費 合計（Ｂ） / 780,000 円 | 初年度のみの納入金 | 入学金 / 290,000 円 | 施設費 / 70,000 円 | 教育充実費 / - | その他 / 3,000 円 | 初年度のみの納入金 合計（Ａ） / 363,000 円 | 年学費 | 授業料 / 534,000 円 | 施設維持費 / 204,000 円 | 教育充実費 / - | その他 / 42,000 円 | 年学費 合計（Ｂ） / 780,000 円 | 初年度納入金 合計（Ａ＋Ｂ） / 1,143,000 円",※その他は、(初年度)教育後援会入会金 (年学費)生徒会費、教育後援会費 など ※別途、研修積立金、学校指定品費等あり,71 - 72,https://www.minkou.jp/junior/school/7736/,男76 / 女77,https://www.syutoken-mosi.co.jp/db/school/?code=1159&p=3,A80 男65-68 / 女65-69 / C50 男62-65 / 女62-66,男65-68 / 女65-69,男62-65 / 女62-66,男 02/01 渋谷教育学園渋谷 A80:67 C50:64 | 女 02/01 渋谷教育学園渋谷 A80:69 C50:66 | 男 02/02 渋谷教育学園渋谷（２回） A80:68 C50:65 | 女 02/02 渋谷教育学園渋谷（２回） A80:68 C50:65 | 男 02/05 渋谷教育学園渋谷（３回） A80:68 C50:65 | 女 02/05 渋谷教育学園渋谷（３回） A80:69 C50:66 | 男 01/27 渋谷教育学園渋谷（帰国） A80:65 C50:62 | 女 01/27 渋谷教育学園渋谷（帰国） A80:65 C50:62,https://www.yotsuyaotsuka.com/juken/data/?code=292,,,,,,,,
東洋英和女学院中学部,B13P098,〒106-8507 東京都港区六本木5-14-40,TEL 03-3583-0696,都営大江戸線「麻布十番駅」7番出口より徒歩5分、東京メトロ南北線「麻布十番駅」5a番出口より徒歩7分、東京メトロ日比谷線「六本木駅」3番出口より徒歩7分、東京メトロ千代田線「乃木坂駅」3番出口より徒歩15分,https://www.toyoeiwa.ac.jp/chu-ko/index.html,https://www.study1.jp/kanto/school/B13P098/,https://www.study1.jp/kanto/school/B13P098/briefing/,私立中学,女子校,東京23区,62,https://www.study1.jp/kanto/list/deviation.html,海外の大学への合格者を例年、複数輩出。,最寄り駅は六本木、麻布十番駅とターミナル駅からのアクセスがよく環境も良好。キリスト教にもとづく人格の完成を目標としている。英語・数学は少人数制の授業で中3からは習熟度別となる。卒業生がチューターとなる放課後の個別補習制度もある。高等部は文系理系のコース別のクラス編成ではなく、必要な授業を選択し自分で時間割をつくる。学習だけでなく、たくさんの行事やクラブなどでの実体験での学びも大切にしている。海外研修や留学制度が充実。2～3か月の短期留学や留年せずに長期留学できる認定留学制度も設けている。大学合格実績は国公立、早慶上智、GMARCHなど多数。医学部への進学者が多いのも特徴。東洋英和女学院大学への内部推薦制度もある。,男子 ： - 名 / 女子 ：602名 / クラス数 ：15クラス,"初年度納入金合計 / 年間学費 | 1,375,000 円 / 1,075,000 円",高校入試(募集) / 学期 / 登校時間 / 完全下校時間 / 土曜授業 | なし / 2学期制 / 8:00 / 17:30 / なし,あり,04/25 東洋英和の日々 バスケットボールを通じた国際交流 ― アフガニスタン難民の方々との出会いから学んだこと ― | 04/24 学校からのお知らせ 「朝日みつかるナビ」にインタビュー記事が掲載されました | 04/17 説明会/公開行事 Discover 私立一貫教育 東京私立中学合同相談会に参加します | 04/14 年間行事 年間行事『中学部始業式』を公開しました | 04/14 説明会/公開行事 5月学校説明会のお知らせ,,https://www.toyoeiwa.ac.jp/chu-ko/nyushi/index.html,2026年 / 【2/2】Ａ / ４教科+面接 / 女 / 80 / 437 / 343 / 120 / 2.9 | 試験合計 / 80 / 437 / 343 / 120 / 2.9 | 【2/3】Ｂ / ４教科+面接 / 女 / 30 / 531 / 240 / 55 / 4.4 | 試験合計 / 30 / 531 / 240 / 55 / 4.4 | 【2/1】帰国 / ２教科＋面接 / 女 / 若干名 / 6 / 5 / 1 / 5.0 | 試験合計 / - / 6 / 5 / 1 / 5.0,"初年度のみの納入金 入学金 300,000 円 施設費 - 教育充実費 - その他 - 初年度のみの納入金 合計（Ａ） 300,000 円 / 初年度のみの納入金 / 入学金 / 300,000 円 / 施設費 / - / 教育充実費 / - / その他 / - / 初年度のみの納入金 合計（Ａ） / 300,000 円 / 年学費 授業料 510,000 円 施設維持費 250,000 円 教育充実費 130,000 円 その他 185,000 円 年学費 合計（Ｂ） 1,075,000 円 / 年学費 / 授業料 / 510,000 円 / 施設維持費 / 250,000 円 / 教育充実費 / 130,000 円 / その他 / 185,000 円 / 年学費 合計（Ｂ） / 1,075,000 円 | 初年度のみの納入金 | 入学金 / 300,000 円 | 施設費 / - | 教育充実費 / - | その他 / - | 初年度のみの納入金 合計（Ａ） / 300,000 円 | 年学費 | 授業料 / 510,000 円 | 施設維持費 / 250,000 円 | 教育充実費 / 130,000 円 | その他 / 185,000 円 | 年学費 合計（Ｂ） / 1,075,000 円 | 初年度納入金 合計（Ａ＋Ｂ） / 1,375,000 円",※その他は、預かり金(生徒会費、積立金、後援会費、母の会費)、個人費 ※別途、学校指定品費、個人PC 等あり,68,https://www.minkou.jp/junior/school/7506/,女69-71,https://www.syutoken-mosi.co.jp/db/school/?code=1222&p=3,A80 女56-62 / C50 女52-58,女56-62,女52-58,女 02/02 東洋英和女学院（Ａ） A80:56 C50:52 | 女 02/03 東洋英和女学院（Ｂ） A80:62 C50:58,https://www.yotsuyaotsuka.com/juken/data/?code=512,敬神奉仕 キリスト教に基づく教育を行っている。聖書の「神から愛されて存在する私たちだからこそ、神を敬い、互いに愛し合い、隣人のために尽くさねばならない」の教えより、建学の精神に「敬神奉仕」を掲げる。この教えを柱に、心と知性を養い、自分の将来の夢を実現し、他者のために自分を生かす女性を育てることを教育目標としている。,聖書の授業、ディアコニア（奉仕）の活動 毎朝礼拝を行うほか、週1時間聖書の授業を設けている。中1はディアコニア（奉仕）として、放課後やホームルームの時間に点字・車椅子の体験学習や施設訪問などを行う。また、YWCA（Young Women's Christian Association：キリスト教女子青年会）の活動に中1～高2の有志が参加。手話や点字の学習、聖書の研究、養護施設の訪問などを行っている。 先取り学習により、中3から高校の内容を学ぶ。英語・数学は中3から習熟度別授業。中学の英語はクリスマス劇や演説の暗誦、スピーチ、日記などに取り組む。高校では多様な進路希望に応えるために、高2、高3で大幅な選択科目制を取り入れたカリキュラムを組んでいる。英語は3段階の習熟度別授業を行い、上級クラスではネイティブ教員と文学作品を読む時間も設定されている。多くの演習授業も選択でき、高い英語力を養うことができる。英会話では、ディベート、英作文などを通して自由に議論ができる語学力の修得をめざしている。国語の現代文では、高1・高2で「作品論」「作家論」に取り組む。高3では、近代の作品を読み思索を深める。古典では、一つの作品を通年で読み解いていく。数学、理科、社会も演習科目を設置し、大学受験に対応する力をつける。,パイプオルガンのある大講堂 歴史と伝統の重みが感じられる美しい校舎で学ぶ。パイプオルガンの設置された大講堂は、学院のシンボルとなっている。メモリアルチャペルは、クラス礼拝や聖書輪読会などで使用。各自の端末から予約ができる蔵書5.2万冊の図書室。様々な学習形態に対応できるマルチラーニングルームや社会科教室などに象徴される充実したICT環境。集会室には軽食と飲み物を購入できる売店がある。,高等部卒業式ではロッシーニの聖歌を合唱 キリスト教関連の行事や体験的な行事が豊富。5月には高2修学旅行（九州）、中2・中3学年行事（学年別に水泳教室や自然観察など）、高3修養会は清里にて2泊3日、牧師の講演やディスカッションなど充実したプログラム。6月の高1カンファレンスは、牧師を囲んで生き方について語り合う。7月には中学合唱コンクール、長野県野尻湖畔での夏期学校やキャンプ。8月には修養会、カナダ研修（3月はオーストラリア研修）、10月には体育祭、楓祭（文化祭）、12月にはクリスマス礼拝。たくさんの行事を通じた学びを行う。3月の高等部卒業式では、ロッシーニの聖歌を合唱することが伝統となっている。ちなみに、高3は「合唱」が必修科目。,全学年、全生徒がいずれかの部活に参加 中学から高校までの全学年、全生徒がいずれかの部活に参加している。文化部は、文芸部、手芸部、料理部、写真部、生物部、園芸部、化学部、英語劇部、ダンス部、音楽部、ハンドベル部、合唱部など。運動部はバスケットボール部、バレーボール部、テニス部、剣道部、ワンダーフォーゲル部、スキー部など。,進路は多様化、理数系への進学が増加中 中3～高3までの総合学習で「進路学習」を行っている。卒業後の生き方、仕事、将来の進路について、学年に応じて考えることで、将来の目標をより明確にしていく。高校では卒業生による講演会や受験体験談、模擬試験などを進路指導の一環として行っている。 東洋英和女学院大学への内部推薦があり、推薦条件を満たしていれば面接と書類審査により進学できる。 大学合格実績は、国公立大学をはじめ、早慶上智、GMARCH、国際基督教大などに多数現役で合格。医学部進学者が多いのも特徴。,国際教育 伝統的に国際教育に力を入れる東洋英和女学院は、バングラデシュに寺子屋を建てる支援活動に加え、TEAM＋（Toyo Eiwa Activities for Myanmar＋）として、途上国支援研究や活動に取り組んでいる。また、カナダ、オーストラリア研修に加え、補助金制度を利用した短期留学制度もある。1年間の長期留学では留年することなく学校に復帰できる制度を設けている。2020年度には専属の職員が常駐する海外留学支援室もリニューアルされ、留学や語学研修、海外大学への進学などの相談もいつでもできる体制が整っている。,歴史と伝統のセーラー服 1929年から時代を超えて受け継がれているセーラー服。 スクールカラーであるガーネット＆マリーゴールドがあしらわれたデザインは、当時の校長ハミルトン先生によるもの。 冬は濃紺、夏は真っ白なセーラーカラーにガーネットのシルクのネクタイがよく映え、冬服の襟やカフスに入っているマリーゴールドの2本のラインも特徴的だ。 歴史と伝統ある制服を、英和生は誇りに思い、大切にしている。
東京大学教育学部附属中等教育学校,B13N007,〒164-8654 東京都中野区南台1-15-1,TEL 03-5351-9050,京王線「幡ヶ谷駅」北口より徒歩15分、丸ノ内線「中野新橋駅」より徒歩10分、都営大江戸線「西新宿五丁目駅」より徒歩15分、バス「東大付属」下車徒歩1分ほか,http://www.hs.p.u-tokyo.ac.jp/,https://www.study1.jp/kanto/school/B13N007/,https://www.study1.jp/kanto/school/B13N007/briefing/,国立中学,共学校,東京23区,53,https://www.study1.jp/kanto/list/deviation.html,,,,"初年度納入金合計 / 年間学費 | 400,000 円 / -",,あり,,,https://www.hs.p.u-tokyo.ac.jp/forentrance/guideline,,"初年度のみの納入金 入学金 - 施設費 - 教育充実費 - その他 400,000 円 初年度のみの納入金 合計（Ａ） 400,000 円 / 初年度のみの納入金 / 入学金 / - / 施設費 / - / 教育充実費 / - / その他 / 400,000 円 / 初年度のみの納入金 合計（Ａ） / 400,000 円 / 年学費 授業料 - 施設維持費 - 教育充実費 - その他 - 年学費 合計（Ｂ） - / 年学費 / 授業料 / - / 施設維持費 / - / 教育充実費 / - / その他 / - / 年学費 合計（Ｂ） / - | 初年度のみの納入金 | 入学金 / - | 施設費 / - | 教育充実費 / - | その他 / 400,000 円 | 初年度のみの納入金 合計（Ａ） / 400,000 円 | 年学費 | 授業料 / - | 施設維持費 / - | 教育充実費 / - | その他 / - | 年学費 合計（Ｂ） / - | 初年度納入金 合計（Ａ＋Ｂ） / 400,000 円",2年時以降の校納金は2～5年生が28万円、6年生が17万円の予定です。,57 - 60,https://www.minkou.jp/junior/school/7758/,男64 / 女64,https://www.syutoken-mosi.co.jp/db/school/?code=1808&p=3,A80 男53 / 女53 / C50 男48 / 女48,男53 / 女53,男48 / 女48,男 02/03 東京大附属 A80:53 C50:48 | 女 02/03 東京大附属 A80:53 C50:48,https://www.yotsuyaotsuka.com/juken/data/?code=494,,,,,,,,
東京学芸大学附属世田谷中学校,B13N005,〒158-0081 東京都世田谷区深沢4-3-1,TEL 03-5706-3301,東急田園都市線「駒沢大学駅」より徒歩25分、渋谷駅・自由が丘駅・等々力駅・用賀駅からバス「深沢不動前」「学芸附属中学校」「付属世田谷中学校前」下車徒歩4〜10分,http://www.u-gakugei.ac.jp/~setachu/,https://www.study1.jp/kanto/school/B13N005/,https://www.study1.jp/kanto/school/B13N005/briefing/,国立中学,共学校,東京23区,57,https://www.study1.jp/kanto/list/deviation.html,,,,"初年度納入金合計 / 年間学費 | 285,000 円 / 285,000 円",,あり,,,http://www.u-gakugei.ac.jp/~setachu/guidance.html,,"初年度のみの納入金 入学金 - 施設費 - 教育充実費 - その他 - 初年度のみの納入金 合計（Ａ） - / 初年度のみの納入金 / 入学金 / - / 施設費 / - / 教育充実費 / - / その他 / - / 初年度のみの納入金 合計（Ａ） / - / 年学費 授業料 - 施設維持費 - 教育充実費 - その他 285,000 円 年学費 合計（Ｂ） 285,000 円 / 年学費 / 授業料 / - / 施設維持費 / - / 教育充実費 / - / その他 / 285,000 円 / 年学費 合計（Ｂ） / 285,000 円 | 初年度のみの納入金 | 入学金 / - | 施設費 / - | 教育充実費 / - | その他 / - | 初年度のみの納入金 合計（Ａ） / - | 年学費 | 授業料 / - | 施設維持費 / - | 教育充実費 / - | その他 / 285,000 円 | 年学費 合計（Ｂ） / 285,000 円 | 初年度納入金 合計（Ａ＋Ｂ） / 285,000 円","制服指定品 男子：31,000円 女子：28,000円",63,https://www.minkou.jp/junior/school/7698/,男65 / 女65,https://www.syutoken-mosi.co.jp/db/school/?code=1806&p=3,A80 男57 / 女57 / C50 男53 / 女53,男57 / 女57,男53 / 女53,男 02/03 東京学芸大附属世田谷 A80:57 C50:53 | 女 02/03 東京学芸大附属世田谷 A80:57 C50:53,https://www.yotsuyaotsuka.com/juken/data/?code=484,,,,,,,,
お茶の水女子大学附属中学校,B13N001,〒112-8610 東京都文京区大塚2-1-1,TEL 03-5978-5865,東京メトロ丸ノ内線「茗荷谷駅」より徒歩7分、東京メトロ有楽町線「護国寺駅」より徒歩13分、バス「大塚2丁目」下車徒歩1分,https://www.fz.ocha.ac.jp/ft/,https://www.study1.jp/kanto/school/B13N001/,https://www.study1.jp/kanto/school/B13N001/briefing/,国立中学,共学校,東京23区,63,https://www.study1.jp/kanto/list/deviation.html,,,,初年度納入金合計 / 年間学費 | - / -,,あり,,,https://www.fz.ocha.ac.jp/ft/menu/ao/d017076.html,2026年 / 【2/3】一般 / 検査Ⅰ・Ⅱ・Ⅲ / 男 / 25 / 45 / 31 / 25 / 1.2 | 女 / 30 / 172 / 128 / 35 / 3.7 | 試験合計 / 55 / 217 / 159 / 60 / 2.7 | 【2/5】帰国 / - / 男 / 15 / 1 / 0 / 0 / - | 女 / 12 / 10 / 9 / 1.1 | 2025年 / 【2/3】2025年度入試 / 4教科 / 男 / 20 / 47 / 38 / 26 / 1.5,初年度のみの納入金 入学金 - 施設費 - 教育充実費 - その他 - 初年度のみの納入金 合計（Ａ） - / 初年度のみの納入金 / 入学金 / - / 施設費 / - / 教育充実費 / - / その他 / - / 初年度のみの納入金 合計（Ａ） / - / 年学費 授業料 - 施設維持費 - 教育充実費 - その他 - 年学費 合計（Ｂ） - / 年学費 / 授業料 / - / 施設維持費 / - / 教育充実費 / - / その他 / - / 年学費 合計（Ｂ） / - | 初年度のみの納入金 | 入学金 / - | 施設費 / - | 教育充実費 / - | その他 / - | 初年度のみの納入金 合計（Ａ） / - | 年学費 | 授業料 / - | 施設維持費 / - | 教育充実費 / - | その他 / - | 年学費 合計（Ｂ） / - | 初年度納入金 合計（Ａ＋Ｂ） / -,※詳細は学校にお問い合わせください。,52 - 68,https://www.minkou.jp/junior/school/7548/,男50 / 女72,https://www.syutoken-mosi.co.jp/db/school/?code=1801&p=3,A80 男47 / 女63 / C50 男42 / 女58,男47 / 女63,男42 / 女58,男 02/03 お茶の水女子大附属 A80:47 C50:42 | 女 02/03 お茶の水女子大附属 A80:63 C50:58,https://www.yotsuyaotsuka.com/juken/data/?code=100,,,,,,,,
富士見丘中学校,B13P113,〒151-0073 東京都渋谷区笹塚3-19-9,TEL 03-3376-1481,京王線「笹塚駅」より徒歩5分、バス「笹塚中学校」下車徒歩3分,https://www.fujimigaoka.ac.jp/,https://www.study1.jp/kanto/school/B13P113/,https://www.study1.jp/kanto/school/B13P113/briefing/,私立中学,女子校,東京23区,31,https://www.study1.jp/kanto/list/deviation.html,SGHからWWLへ グローバル教育で「伸びる進学校」,「国際性豊かな若き淑女の育成」を教育目標とし、2020年に創立80周年を迎えた英語教育・国際理解教育の伝統校。2015年度からは文部科学省指定のSGH（スーパーグローバルハイスクール）として、高大連携による探究学習プログラム、先進的な英語4技能教育プログラムを整備し、国内の難関大学や海外大学への進学者数も年々増加している。グローバル教育プログラムの実績が評価され、2020年度からは文部科学省のワールドワイドラーニング（WWL）コンソーシアム構築支援事業のカリキュラム開発拠点校に指定。探究学習や留学、異文化交流で高めた能力・資質を進路につなげ、上智や青山など、グローバル教育に力を入れている大学への進学率が高い。近年は、模擬国連部が模擬国連大会やスピーチコンテストで好結果を残しており、学費免除で難関大学や海外大学への進学を実現させる生徒が増えている。入学時の難易度と比較して、大学合格力が高い「伸びる進学校」であることにも注目したい。,男子 ： - 名 / 女子 ：261名 / クラス数 ：12クラス,"初年度納入金合計 / 年間学費 | 1,018,000 円 / 648,000 円",高校入試(募集) / 学期 / 登校時間 / 完全下校時間 / 土曜授業 | あり：高1より混合クラス / 2学期制 / 8:25 / 18:00 / なし,あり,04/27 部活動 中学テニス部 第2ブロック大会シングルス結果 | 04/22 進路 2026年度大学入試 合格実績 | 04/20 入試 5/17(日)東京私立中学合同相談会”Discover私立一貫教育”のご案内 | 04/19 教育 「５×２」セレクションを開催 | 04/17 国際 春季英国短期留学 報告（2026/3/11～27）,,https://www.fujimigaoka.ac.jp/exam/junior/application,2026年 / 【2/1】ＷＩＬＬ / 2教科/4教科 / 女 / 40 / 73 / 66 / 38 / 1.7 | 英語特別 / 女 / 29 / 29 / 24 / 1.2 | 試験合計 / 40 / 102 / 95 / 62 / 1.5 | 【2/1】グローバルアスリート / - / 女 / 5 / 10 / 9 / 9 / 1.0 | 試験合計 / 5 / 10 / 9 / 9 / 1.0 | 【2/1午後】一般入試 / ２教科 / 女 / 30 / 74 / 68 / 38 / 1.8 / 定員数：一般入試、英語資格入試共通,"初年度のみの納入金 入学金 250,000 円 施設費 120,000 円 教育充実費 - その他 - 初年度のみの納入金 合計（Ａ） 370,000 円 / 初年度のみの納入金 / 入学金 / 250,000 円 / 施設費 / 120,000 円 / 教育充実費 / - / その他 / - / 初年度のみの納入金 合計（Ａ） / 370,000 円 / 年学費 授業料 540,000 円 施設維持費 - 教育充実費 108,000 円 その他 - 年学費 合計（Ｂ） 648,000 円 / 年学費 / 授業料 / 540,000 円 / 施設維持費 / - / 教育充実費 / 108,000 円 / その他 / - / 年学費 合計（Ｂ） / 648,000 円 | 初年度のみの納入金 | 入学金 / 250,000 円 | 施設費 / 120,000 円 | 教育充実費 / - | その他 / - | 初年度のみの納入金 合計（Ａ） / 370,000 円 | 年学費 | 授業料 / 540,000 円 | 施設維持費 / - | 教育充実費 / 108,000 円 | その他 / - | 年学費 合計（Ｂ） / 648,000 円 | 初年度納入金 合計（Ａ＋Ｂ） / 1,018,000 円",別途、学校指定品費等があります。,38 - 42,https://www.minkou.jp/junior/school/7731/,女40-46,https://www.syutoken-mosi.co.jp/db/school/?code=1241&p=3,掲載なし,,,,https://www.yotsuyaotsuka.com/juken/data/?code=647,「国際性豊かな若き淑女の育成」 中高6年間の一貫教育により、「国際性豊かな若き淑女の育成」を目指す。グローバル化、情報化が進む現代社会の中で、言語や習慣の壁を乗り越えて他者を理解することのできる女性を育成。,グローバルに活躍するためのコース制 2015年に文部科学省より「スーパーグローバルハイスクール（SGH）」の指定を受け、「サステイナビリティ（持続可能性）から創造するグローバル社会」をテーマに、地球規模の社会課題を解決する探究学習に取り組んでいる。 ●英語力に応じたコース設定 中学「一般コース」の英語は、教科書ベースの授業、独自カリキュラム、ネイティブの授業を組み合わせた多彩な学びを少人数で行う。中学「英語特別コース」は、英語の授業内容がより発展的になり、英語のレベルに応じてA・B・インターに分かれる。カリキュラム上、英語以外の教科内容はどちらのコースも同じで、基礎学力の定着から発展的内容まできめ細かくフォローする。 高校「グローバルコース（一般）」は、授業のほか、課題や特別講座で基礎的及び発展的な内容を学習。グローバル教育の様々なプログラムにチャレンジでき、探究学習を通して思考力、創造力、行動力を養い、協働する姿勢やプレゼンテーション能力も身につけていく。高校「アドバンストコース」は、英語以外の教科内容は「グローバルコース」と同じだが、英語の授業内容がより発展的になり、英語のレベルに応じてA・B・インターに分かれる。スポーツ・芸術（バレエなど）で積極的に対外試合（活動）や海外遠征に挑む生徒は、いずれかのコースに属しながらグローバルアスリートの認定を受け、学期中でも特別欠席で活動することが可能。 ●4技能を伸ばす先進的な英語教育 英語の授業は、「読む」「書く」「聞く」「話す」の4技能を意識したアクティブラーニング型による最新の指導法を取り入れている。毎週末の課題として実施している「週末エッセイライティング」（中1～高3）では、中1は日記、中2以降は与えられたトピックについて賛否の理由を示しながらエッセイを書き上げ、ネイティブ教員と日本人教員が添削。「書く」ことと改善点の気付きを得る機会を習慣として確立することにより、生徒の多くはライティングを得意分野として資格試験の取得にも役立てている。週に1回取り組む「オンライン英会話」（中2～高2）では、1対1で海外のネイティブスピーカーと会話を行うことで、臆することなく発話する勇気と英語力を身につける。辞書を使わずにできるだけ多くの英書を読む授業「Extensive Reading」（中2～高1）では、単語力、読解力、速読力、文法力を養成し、英語で読むことへの慣れを育む。,万全な安全対策 災害時に最低3日間の電気の供給が可能な大型自家発電装置、災害時対応汚水処理槽、各フロアに警報装置やAEDを設置。カメラによる集中監視システムなど万全な安全確保に努めている。温もりあるレンガ校舎は、ルーフバルコニー、ペントハウスラウンジ、ウッディテラスなど憩いの場が豊富。茶室「忠恕庵」は坪庭つき。理科実験室、調理室、CALL教室など最新設備が整っている。,中学の修学旅行はオーストラリア 体育祭（6月）や文化祭（9月）のほか、独自の行事も多い。中学3年次のオーストラリア修学旅行（全員参加）では、現地の姉妹校を訪問し、生徒同士の交歓行事と授業体験に参加。春休みにはイギリス短期留学（中2～高2の希望者）を実施し、チェルトナムでホームステイをしながら、語学研修やアクティビティを行う。 高校1年次には、連携校と課題を議論する「鹿児島フィールドワーク」（10月）を実施。2泊3日で鹿児島の産業・歴史や環境問題に関わる施設をめぐるとともに、Super Science High Schoolである池田高校と互いの探究学習の成果を発表し、意見交換を行う。高校2年次には、アメリカ西海岸修学旅行（11月）で姉妹校の生徒たちと授業に参加したり、交歓会で交流を深め、UCLAやディズニーランドなどにも足を運ぶ。高校2年次1月には、探究学習の集大成として「グローバルスタディ演習」に取り組む「海外フィールドワーク」（選択者）を実施。選んだテーマによってグアム、マレーシア、台湾で高大連携のプロジェクト学習を行い、フィールドワークと現地での英語プレゼンテーションを実施する。その成果発表の場として、2月に「SGH WWL研究発表会」を開催。,テニス部、少林寺拳法部は全国レベルで活躍 テニス部は全国大会連続出場中の強豪校、少林寺拳法部も全国レベルで活躍している。近年活躍がめざましい模擬国連部は、週1回の活動をネイティブ教員と日本人教員がバックアップ。模擬国連大会への出場だけでなく、様々な英語コンテストに出場して入賞する部員も多い。模擬国連部での活動や探究活動、医療に関わる学部で学んで世界の役に立ちたいという思いなどが評価され、「柳井正財団海外奨学金」（授業料や生活支援金など、4年間の学生生活をトータルで支援する給付型）に合格してアメリカのジョージア工科大学に進学した卒業生もいる。上智大学が開催する高校生英語弁論大会「ジョン・ニッセル杯」で1位となり、上智大学に4年間の授業料全額免除で入学するなど、模擬国連部での活動を進路につなげていく生徒も増えている。,一人ひとりの夢を徹底サポート 個々の強みを活かした進学を実現するために、コースに関係なく、一人ひとりの夢を徹底サポートする進路指導プログラムを用意。総合型選抜や学校推薦型選抜などの強みとなる探究活動や部活動、ボランティア活動などにも力を入れ、中学1年次から様々な働きかけを行っている。総合型選抜などで必要な志望理由書は担当教員がしっかりサポートし、一般選抜の対策なども丁寧にフォロー。上智やICU、青山など、グローバル教育に力を入れている国内の難関大学のみならず、世界大学ランキングで上位にランキングされている海外大学へ進学する生徒も増えている。2023年～2024年の2年間で、トップレベルの海外大学に18名合格。,慶應義塾大学、ハワイ大学などと連携 これまでの教育実績をもとに、SGHとしてグローバル教育を推進。高校の「グローバルスタディ演習」の授業では、慶應義塾大学やハワイ大学などとの高大連携や、アジアでの海外フィールドワークを通して、研究やレポート作成、発表、英語での発信などを行う。これらの活動によって、問題を発見・探究し、解決する力や高い英語運用力を育成。,ブリティッシュ・トラッド イギリスへの海外留学を他校に先駆けて1972年にスタートし、姉妹校との交流は50年以上の歴史を数える。2018年度から変わった制服は、イギリスの学校をイメージして「ブリティッシュ・トラッド」を意識したデザインを取り入れた。冬服は、チャコールグレーのジャケットの襟にテーピングを施し、スカートはイギリス伝統のタータンチェックの巻きスカート風。ワインカラーのセーターは、制服としては珍しい。リボン（中学：薄いグレー、高校：濃いグレー）は、普段の生活では外して過ごすことも可能。夏服は、胸元にエンブレムの刺繍が入った爽やかなオーバーブラウスで、スカートの柄は冬服と色を反転させた軽やかなオールプリーツ。ブラウスの襟のパイピングとボタンは中高で色違い（中学：エンジ、高校：紺）となっており、赤のライン入りライトグレーのカーディガンも用意されている。
実践女子学園中学校,B13P056,〒150-0011 東京都渋谷区東1-1-11,TEL 03-3409-1771,各線「渋谷駅」より徒歩10分、各線「表参道駅」B1より徒歩12分,https://hs.jissen.ac.jp/,https://www.study1.jp/kanto/school/B13P056/,https://www.study1.jp/kanto/school/B13P056/briefing/,私立中学,女子校,東京23区,50,https://www.study1.jp/kanto/list/deviation.html,進化する女子伝統校。多様な留学先、海外大学進学者も増加,"渋谷駅より徒歩10分、閑静な文教地区に敷地25,000㎡のキャンパスが広がる。お辞儀の作法や和室での所作を学ぶ礼法の授業や、華道・茶道・着付などからお稽古を1つ選ぶ「日本文化実習」など、品格や日本文化を学ぶ一方で、グローバル教育にも力を入れている。グローバル教育としては、ドイツ、中国、タイへの交換留学やオーストラリアへの短期留学などを実施する。カナダの大学の推薦入学制度もあり、海外大学への進学者も増えている。国内大学は早慶上理、GMARCHなど合格者多数。系列の実践女子大学への推薦制度もあり、合格をもった状態で他大学の一般受験に挑戦することもできる。",男子 ： - 名 / 女子 ：764名 / クラス数 ：22クラス,"初年度納入金合計 / 年間学費 | 1,145,400 円 / 915,400 円",高校入試(募集) / 学期 / 登校時間 / 完全下校時間 / 土曜授業 | なし / 2学期制 / 8:15 / 17:00 / あり：毎週,あり,04/28 入試関連情報 【全学年対象】6/13（土）オープンスクール（部活編）のお知らせ | 04/24 入試関連情報 2026年度帰国生対象イベントの実施について | 04/24 生徒の活動レポート 個人面談週間がありました | 04/23 生徒の活動レポート 高校役員・委員任命式が行われました | 04/21 入試関連情報 【全学年対象】校内案内を実施いたします！（5月）,アクションにつなげたい！ アイデアを形にして行動に移す「ユネスコ委員会」 公開日：2025/9/1 | 芝浦工業大学との高大連携プログラムで、大学での研究活動を8日間体験！ 公開日：2024/10/28 | 修学旅行は探究授業の集大成！3カ所から行き先を選び現地の課題を体感 公開日：2023/8/7 | 干潟体験を英語で発信！江戸から現在、未来を地球規模で考える体験学習 公開日：2022/10/27 | 大学との連携を強化し、様々な学びや体験につなげる「実践女子10年教育」 公開日：2021/8/26,https://hs.jissen.ac.jp/admission/application/index.html,2026年 / 【2/1 AM】第1回 2・4科 / 2教科 / 女 / 45 / 44 / 39 / 67 / 3.0 | 4教科 / 女 / 172 / 162 | 試験合計 / 45 / 216 / 201 / 67 / 3.0 | 【2/1 PM】第2回 2科 / 2教科 / 女 / 40 / 242 / 212 / 67 / 3.2 | 試験合計 / 40 / 242 / 212 / 67 / 3.2 | 【2/2 AM】第3回 2・4科 / 2教科 / 女 / 40 / 73 / 48 / 73 / 3.1,"初年度のみの納入金 入学金 230,000 円 施設費 - 教育充実費 - その他 - 初年度のみの納入金 合計（Ａ） 230,000 円 / 初年度のみの納入金 / 入学金 / 230,000 円 / 施設費 / - / 教育充実費 / - / その他 / - / 初年度のみの納入金 合計（Ａ） / 230,000 円 / 年学費 授業料 542,000 円 施設維持費 231,000 円 教育充実費 80,000 円 その他 62,400 円 年学費 合計（Ｂ） 915,400 円 / 年学費 / 授業料 / 542,000 円 / 施設維持費 / 231,000 円 / 教育充実費 / 80,000 円 / その他 / 62,400 円 / 年学費 合計（Ｂ） / 915,400 円 | 初年度のみの納入金 | 入学金 / 230,000 円 | 施設費 / - | 教育充実費 / - | その他 / - | 初年度のみの納入金 合計（Ａ） / 230,000 円 | 年学費 | 授業料 / 542,000 円 | 施設維持費 / 231,000 円 | 教育充実費 / 80,000 円 | その他 / 62,400 円 | 年学費 合計（Ｂ） / 915,400 円 | 初年度納入金 合計（Ａ＋Ｂ） / 1,145,400 円",※年学費その他は、校友会費・父母の会費・日本文化実習費が含まれる。 ※別途、ノートPC、積立金、学校指定品費等あり,51 - 60,https://www.minkou.jp/junior/school/7738/,女54-66,https://www.syutoken-mosi.co.jp/db/school/?code=1155&p=3,A80 女47-50 / C50 女42-47,女47-50,女42-47,女 02/01 実践女子学園 A80:47 C50:42 | 女 02/01 実践女子学園（２回） A80:50 C50:46 | 女 02/02 実践女子学園（３回） A80:47 C50:43 | 女 02/02 実践女子学園（４回） A80:49 C50:45 | 女 02/03 実践女子学園（５回） A80:50 C50:47 | 女 02/04 実践女子学園（６回） A80:50 C50:47,https://www.yotsuyaotsuka.com/juken/data/?code=285,女性が社会を変える、世界を変える 建学の精神は「女性が社会を変える、世界を変える」、教育理念は「堅実にして質素、しかも品格ある女性の育成」。このため生徒は、良識を養い、実践を尚び、責任を重んずることを日常の心がけとしている。価値観が多様化している現代において、まずは生徒自身が自分なりの軸となるものを作り出すこと、そして、広い視点をもって社会に参画していくことを目指している。,未来につながる力「実践力」を育成 「探究教育」「グローバル教育」「感性表現教育」を3本柱に据えている。 探究教育：他者のもつ異なる視点を理解し多様な文化・習慣・価値観を尊重し、共に生きる「地球市民」の育成を目指している。オリジナルの探究授業「未来デザイン」では「国際・異文化理解」「環境」「社会・経済」の3つのテーマを設定し、SDGｓ(持続可能な開発目標)を主な軸として学ぶ。「教わる授業」ではなく「体験する・考える授業」で、主体的に考えて判断し、行動する「実践力」を養う。 グローバル教育：自分の文化と世界を知り、自ら行動すること。また、そのために必要なコミュニケーションスキルを鍛えることを目指す。 日本文化実習、Englishキャンプ、Englishセミナー、ネイティブ教員による放課後講座、海外研修（オーストラリア・ニュージーランド）、交換留学（タイ・中国・ドイツ）、短期留学（オーストラリア）などがある。 感性表現教育：教科教育をはじめ、学校行事やクラブ活動などすべてが感性を磨くための学びであると捉え、多くの機会を設定している。特に、表現する場（ときわ祭、運動会、レシテーションコンテスト、部活発表会など）において感動を分かち合うなかで、観る力、聴く力、感じる力を高めていく。,"渋谷・青山エリアの文教地区にゆとりのキャンパス 敷地25,000㎡のゆとりのキャンパスは渋谷駅徒歩10分、表参道駅徒歩12分、閑静な文教地区にある。 美しい校舎「桃夭館（とうようかん）」には最新施設が充実。図書館も含めたメディアセンター、プレゼンテーションルーム、日本文化実習室を設置し、情報発信・受信、グローバル教育など最新の教育に対応している。 120周年を記念して体育館も新たに建設され、すべての体育部が活動できるような3階建ての大きな施設もあり、高校生の球技大会も開催されている。また、校庭も人工芝となり、テニスコート6面分の広さをもつ。ここで中学の運動会も開催する。",多様な行事と体験学習で人間性を磨く 球技大会（高校）、ときわ祭（文化祭）、運動会（中学）、かるた大会（中学）、合唱コンクール（中学）、イングリッシュデー（中学レシテーション・高校スピーチコンテスト）、テーブルマナー（高3）、ユネスコスクールとして年2回の国際デーなど。中1～高1で修学旅行や移動教室などを実施。高1の修学旅行はシンガポール・ニュージーランド・沖縄からの選択制。,苦楽・感動を共有し、豊かな人間性を育む 校友会（クラブ活動）として学術部会、芸能部会、体育部会、特殊部会の4部門と同好会が合計34あり、充実している。芸能部は、美術、写真、吹奏楽、フォークソング、室内楽など。学術部は、理科、家政、被服、国語文芸、英語など。体育部は、バドミントン、硬式テニス、ダンス、ソフトテニス、卓球など。中1の日本文化実習を引き続き学ぶことのできる特殊部会には、華道、箏曲、茶道、和装着付、能楽があり、他のクラブとの兼部が可能。同好会はグローバル研究会と園芸同好会がある。,キャリア教育と連携して進路選択をサポート 多くの無料講座や指名制の補習、勉強合宿や授業内での小テストの実施など、きめこまかな指導で学力の定着をはかるとともに、自分のキャリアプランを見据え、大学・学部・学科を選択することを重視した進路サポートを行っている。中学ではさまざまな職業を体験できる「出前授業」や、大学在学中の卒業生からアドバイスを受ける「キャリア講演会」などを実施している。 また、中学3年から高校にかけて、理系・文系選択や自己分析・自己理解のための進路適性検査や専門のアドバイザーによる進路・受験についての講演、卒業生や現役大学生による学習方法などについてのアドバイス、大学模擬授業、学内大学ガイダンス、共通テスト対策や大学別入試対策講座など、多彩なプログラムによって進路選択をサポートしている。,高大連携や企業連携で学びが広がる 併設の実践女子大学との連携では、高1・高2全員がキャンパス見学会に参加。大学の授業体験を通し高等教育のイメージを持つことができる。大学の授業に参加し、単位認定を受けられるほか、大学教員が中高の授業や講座で教える機会も多い。他大学との連携では芝浦工業大学と連携協定を結んだほか、近隣の國學院大學の授業を聴講することができる。このほか、北京大学との高大連携プログラムや東京農業大学でのインターンシップなどにも参加している。 渋谷という立地を生かした企業連携も盛んで、株式会社MIXIによるプログラミング教育や、企業から出される課題に取り組むクエストエデュケーションなどに取り組んでいる。,
広尾学園中学校,B13P111,〒106-0047 東京都港区南麻布5-1-14,TEL 03-3444-7272,東京メトロ日比谷線「広尾駅」4番出口すぐ、バス「日赤医療センター下・広尾学園前」下車すぐ,https://www.hiroogakuen.ed.jp/,https://www.study1.jp/kanto/school/B13P111/,https://www.study1.jp/kanto/school/B13P111/briefing/,私立中学,共学校,東京23区,67,https://www.study1.jp/kanto/list/deviation.html,「本物」に触れる環境を提供し、自ら進路を拓く力を育成,整備したICT環境をベースに、「本科」、「医進・サイエンス」、「インターナショナル」の３つのコースを設け、それぞれ特色のある教育活動を行う。さらに、各分野の第一線で活躍する人物や、最先端の研究、ハイレベルな学びに触れる機会を豊富に設け、中1から参加できる環境を提供している。「本物」を体験することで、生徒たちの関心や意欲が触発され、自ら進んで学び、希望する進路を実現する。そうした本質的な教育を実践している。,男子 ：371名 / 女子 ：419名 / クラス数 ：21クラス,"初年度納入金合計 / 年間学費 | 1,040,200 円 / 652,200 円",高校入試(募集) / 学期 / 登校時間 / 完全下校時間 / 土曜授業 | あり：高2より混合クラス / 3学期制 / 8:15 / 18:00 / あり：毎週,あり,04/30 広報 震災復興教育プログラム | 04/30 学園行事｜広報 中学入学式 | 04/30 インターナショナル｜広報｜進路指導 University Tour of California 2026 | 04/28 インターナショナル｜広報 Vocational Experience by PwC Consulting LLC | 04/22 学園行事｜広報 中学1年生 春合宿‐３,,https://www.hiroogakuen.ed.jp/junior/j_boshuyoko.html,"2026年 / 【2/1】1回 / 4教科 / 男 / 50 / 84 / 71 / 22 / 3.2 / [特待合格] 男子1,女子1 | 女 / 274 / 243 / 50 / 4.9 | 試験合計 / 50 / 358 / 314 / 72 / 4.4 | 【2/1】午後 2回 本科 / 4教科 / 男 / 50 / 300 / 264 / 87 / 3.0 / [特待合格] 男子6,女子5 | 女 / 318 / 286 / 97 / 2.9 | 試験合計 / 50 / 618 / 550 / 184 / 3.0","初年度のみの納入金 入学金 388,000 円 施設費 - 教育充実費 - その他 - 初年度のみの納入金 合計（Ａ） 388,000 円 / 初年度のみの納入金 / 入学金 / 388,000 円 / 施設費 / - / 教育充実費 / - / その他 / - / 初年度のみの納入金 合計（Ａ） / 388,000 円 / 年学費 授業料 480,000 円 施設維持費 30,000 円 教育充実費 60,000 円 その他 82,200 円 年学費 合計（Ｂ） 652,200 円 / 年学費 / 授業料 / 480,000 円 / 施設維持費 / 30,000 円 / 教育充実費 / 60,000 円 / その他 / 82,200 円 / 年学費 合計（Ｂ） / 652,200 円 | 初年度のみの納入金 | 入学金 / 388,000 円 | 施設費 / - | 教育充実費 / - | その他 / - | 初年度のみの納入金 合計（Ａ） / 388,000 円 | 年学費 | 授業料 / 480,000 円 | 施設維持費 / 30,000 円 | 教育充実費 / 60,000 円 | その他 / 82,200 円 | 年学費 合計（Ｂ） / 652,200 円 | 初年度納入金 合計（Ａ＋Ｂ） / 1,040,200 円","上記【教育充実費】は本科コース。医進・サイエンスコース/インターSGコースは180,000円、インターAGコースは300,000円。 その他は、冷暖房費、図書費、視聴覚費、PTA会費、教育振興費、生徒会費、同窓会費、後援会費 など 別途、積立金、PCなどの情報端末機器購入費、学校指定品費等あり",70 - 74,https://www.minkou.jp/junior/school/7497/,男70-74 / 女70-76,https://www.syutoken-mosi.co.jp/db/school/?code=1239&p=3,A80 男64-67 / 女64-67 / C50 男61-64 / 女61-64,男64-67 / 女64-67,男61-64 / 女61-64,男 02/01 広尾学園 A80:64 C50:61 | 女 02/01 広尾学園 A80:64 C50:61 | 男 02/01 広尾学園（２回） A80:66 C50:62 | 女 02/01 広尾学園（２回） A80:66 C50:62 | 男 02/02 広尾学園（医進・サイエンス） A80:67 C50:63 | 女 02/02 広尾学園（医進・サイエンス） A80:67 C50:63 | 男 02/05 広尾学園（３回） A80:65 C50:62 | 女 02/05 広尾学園（３回） A80:65 C50:62 | 男 02/01 広尾学園（ＩＳＧ１回） A80:67 C50:64 | 女 02/01 広尾学園（ＩＳＧ１回） A80:67 C50:64 | 男 02/05 広尾学園（ＩＳＧ２回） A80:67 C50:64 | 女 02/05 広尾学園（ＩＳＧ２回） A80:67 C50:64,https://www.yotsuyaotsuka.com/juken/data/?code=313,「自律と共生」 教育理念に「自律と共生」を掲げ、従来の日本の中学・高校教育のレベルを超える、高度で幅広い体験を可能にする環境を提供。自らを律しながら意欲的に学び、共に生きていく社会人としての知識や技能を身につけ、社会に貢献する若者の育成を目指す。,本科、医進・サイエンス、インターナショナルの3コース制 中高で「本科」、「医進・サイエンス」、「インターナショナル」の３つのコースを設置。難関大学進学を目指す「本科」では、先取り学習を取り入れ、高２で高校主要科目を修了。中学の早い段階から、探究活動を論文やプレゼンテーションにまとめる学習や、視野を広げる先端的なキャリア教育にも力を入れる。 医系、理系の道を目指す「医進・サイエンス」は、高度な専門性を備えた教職員が指導を行う。６年間を通じて研究活動に取り組み、未知なる問題にアプローチする術を学び、医師、研究者として必要な視点や思考法、マインドを身につける。また、第一線で活躍する医師、研究者、エンジニアと交流する機会も豊富に用意している。 「インターナショナル」の中学課程は、授業を英語で行うアドバンストグループ（AG）と基礎から英語を学ぶスタンダードグループ（SG）があり、同じホームルームクラスを形成。生活を共にし、学び合いをする中でSGの生徒たちも英語力を大きく伸ばしている。また、生徒たちは中高を通じて、ボランティアや学外コンテストなどの課外活動に積極的に取り組み、海外大学が配信する講義動画を翻訳するボランティア活動は、大きな反響を呼んだ。海外大学への進学指導も手厚く、2025年度は370名以上の海外大学合格者を出した。,"最新設備と快適な教育環境を提供 最新設備を完備した9階建ての校舎には、48個のソーラーパネルを設置。6階の化学、生物、物理それぞれ３つのサイエンスラボは、研究室レベルの設備を整え、授業の枠にとらわれない実験を行っている。図書館は37,000冊の蔵書があり、近隣の都立中央図書館とも連携。また、国内すべての図書館や研究機関、情報データベース、論文検索などに各自のICT機器からアクセスできる独自の「広尾学園リサーチ・ナビ」を提供し、2020年度より電子図書館「LibrariE（ライブラリエ）」を導入している。ICTルームは、ICT委員会など生徒たちが自主的に運営し、ICT機器のテクニカルサポート、最新の3Dプリンターやレーザーカッターを使った講座なども実施している。",四季を通して生徒主体のイベントを開催 春のオリエンテーション合宿（中1、高1）、研修合宿（中2）、初夏のスポーツフェスティバル、夏の林間学校（中2）、秋のけやき祭（文化祭）、修学旅行（中3、高2）、冬の音楽会など年間を通じてイベントを開催。文化祭や音楽会などは、生徒が主体となって運営を行う。オペラ鑑賞（高1）、歌舞伎教室（中3）などの芸術鑑賞、オーストラリア短期留学（中3希望者）やイギリス短期留学（高1希望者）も実施している。,学業との両立を図り、約8割の生徒が参加 運動部は、専門のコーチが指導するチアリーディングやダンス、サッカー、バスケットボール、野球など、文化部は英会話、美術、吹奏楽、ディベート、演劇、STEMなどがある。その他、写真、Film Club、Coding Club、Inter Press Club、English Debate Club、Model United Nations Clubなどの同好会があり、約8割の生徒が参加している。仲間と切磋琢磨しながら、自ら可能性に挑戦することで「自律と共生」を身につけている。,「本物」に触れるキャリアプログラムを実施 各分野の第一線で活躍する人物や、最高レベルの研究に触れる「キャリア教育・中高大連携プログラム」を実施し、中1から参加が可能。多彩なゲストを招いた「特別講演会」、研究学園都市を訪問する「つくばサイエンスツアー」、国立天文台やJAXAなどの協力で実現した「宇宙天文合宿」、東京地裁を傍聴し、裁判官や弁護士の話を聞く「司法裁判講座」、「All English実験講座」、東京大学や株式会社スクウェア・エニックスでアプリ、ゲーム開発やアニメーションなどを学ぶ「広学Tech Camp」など、生徒の将来の夢や学習意欲を育む多彩なプログラムを用意している。 また、国内大学の説明会や、海外大学の担当者が一斉に集う「海外大学フェア」の開催、国内外の大学に進学した卒業生による講演会を実施するなど多様な進路選択を考える機会を設けている。,最先端の講座「広学スーパーアカデミア」「病理診断講座」 毎年3月に、「キャリア教育・中高大連携プログラム」の総決算となる「広学スーパーアカデミア」を開催。各分野の最先端、キャリアの最前線で活躍する人々が一同に集結し、2024年度は35の「超一級講座」を展開。中1～高2生が自分の興味ある分野を受講する。 近年は、「病理診断講座」という病院と同じレベルの病理診断をして、現役の医師の前で発表する講座を実施。もっとも優秀な発表をしたグループは、病院で行われる手術に立ち会うことができる。医進・サイエンスコースからスタートした「病理診断講座」は、現在、全コースの参加が可能。,アーバングレーのブレザー 男女共通のブレザーは都会的なアーバングレー。5種類のグレーに染めた原毛を織り交ぜた手間のかかるもので、深い色合いとつややかな素材感が特徴。女子のスラックスもある。
東京女学館中学校,B13P089,〒150-0012 東京都渋谷区広尾3-7-16,TEL 03-3400-0867,日比谷線「広尾駅」4番より徒歩12分、各線「渋谷駅」よりバス10分、各線「恵比寿駅」よりバス8分、バス「東京女学館前」下車,https://www.tjk.jp/mh/,https://www.study1.jp/kanto/school/B13P089/,https://www.study1.jp/kanto/school/B13P089/briefing/,私立中学,女子校,東京23区,54,https://www.study1.jp/kanto/list/deviation.html,創立137周年を迎えた女子国際教育のパイオニア。国際学級は帰国生以外も受け入れ,広尾の高台の美しい校舎。生き生きとして、品位ある校風。生徒自治が盛んで、積極的な学校生活を通して一人ひとりが思いやりや責任感など包括的なリーダーシップ（インクルーシブ・リーダーシップ）を養っている。2004年に開始した国際学級は帰国生だけでなく日本で暮らした一般生も入学できるのが特徴。英語の授業は習熟度別に行い、高校段階でほぼ全員が英検2級以上を取得する。一般学級も分割授業や多様な選択授業などで高い英語力を身につける。 2025年の大学合格実績（既卒生を含む）は、国公立：東京外国語大2名、東京藝大2名、東京科学大1名、東北大1名、埼玉大1名、奈良女子大1名。私立：慶應大27名、早稲田大28名、上智大19名、東京理科大7名、国際基督教大1名、明治大38名、青山学院大32名、立教大53名、中央大21名、法政大25名、北里大11名など。,男子 ： - 名 / 女子 ：707名 / クラス数 ：18クラス,"初年度納入金合計 / 年間学費 | 1,434,000 円 / 984,000 円",高校入試(募集) / 学期 / 登校時間 / 完全下校時間 / 土曜授業 | なし / 3学期制 / 8:25 / 17:40 / あり：毎週,あり,03/23 新着情報｜入試情報 2026年度 編入学試験の変更について | 03/23 新着情報｜学校より｜入試情報 2026年度 一般入試【第1回（2月1日AM）】社会の解答の訂正 | 03/16 新着情報｜入試情報 3月29日（日）JOBA主催の海外・帰国生向け個別相談会に参加します | 03/16 TJK Life｜学習・進路 国際学級の中学1年で“World Wonders”ユニットに取り組みました | 03/16 TJK Life｜グローバル｜学習・進路｜生徒の活動 中学1年 国際学級でMothers’ Lunchを開催しました,自ら進路を探究するキャリア教育と理系コースの学習・進学指導を探る 公開日：2025/7/30 | 2026年度から国際学級が2クラスに！海外大進学や理系の進路選択が拡充 公開日：2024/8/27 | 英語圏からアジアまで。人との交流を大切にした海外研修で大きく成長！ 公開日：2023/9/19 | 「なりたい自分」を探究し、一人ひとりを丁寧にサポートする進路指導 公開日：2022/9/15 | 東大・一橋大入学者から後輩たちへ 希望大学合格までの体験談とアドバイス 公開日：2018/5/29,https://tjk.jp/mh/examinee/requirements/,2026年 / 【2/1】第1回 / ４教科 / 女 / 35 / 121 / 101 / 46 / 2.2 | 試験合計 / 35 / 121 / 101 / 46 / 2.2 | 【2/1 午後 】第2回 / ２教科 / 女 / 35 / 227 / 211 / 106 / 2.0 | 試験合計 / 35 / 227 / 211 / 106 / 2.0 | 【2/2 午後】第3回 / ２教科 / 女 / 20 / 316 / 198 / 100 / 2.0 | 試験合計 / 20 / 316 / 198 / 100 / 2.0,"初年度のみの納入金 入学金 290,000 円 施設費 160,000 円 教育充実費 - その他 - 初年度のみの納入金 合計（Ａ） 450,000 円 / 初年度のみの納入金 / 入学金 / 290,000 円 / 施設費 / 160,000 円 / 教育充実費 / - / その他 / - / 初年度のみの納入金 合計（Ａ） / 450,000 円 / 年学費 授業料 582,000 円 施設維持費 96,000 円 教育充実費 - その他 306,000 円 年学費 合計（Ｂ） 984,000 円 / 年学費 / 授業料 / 582,000 円 / 施設維持費 / 96,000 円 / 教育充実費 / - / その他 / 306,000 円 / 年学費 合計（Ｂ） / 984,000 円 | 初年度のみの納入金 | 入学金 / 290,000 円 | 施設費 / 160,000 円 | 教育充実費 / - | その他 / - | 初年度のみの納入金 合計（Ａ） / 450,000 円 | 年学費 | 授業料 / 582,000 円 | 施設維持費 / 96,000 円 | 教育充実費 / - | その他 / 306,000 円 | 年学費 合計（Ｂ） / 984,000 円 | 初年度納入金 合計（Ａ＋Ｂ） / 1,434,000 円","※上記は一般学級の金額。国際学級は授業料816,000円、その他294,000円 ※その他は、教材費(iPad費用、軽井沢学習寮費含む）、父母の会会費、地震対策費など ※別途、学校指定品費等あり",54 - 60,https://www.minkou.jp/junior/school/7740/,女61-66,https://www.syutoken-mosi.co.jp/db/school/?code=1209&p=3,A80 女49-55 / C50 女46-52,女49-55,女46-52,女 02/01 東京女学館 A80:49 C50:46 | 女 02/01 東京女学館（２回） A80:55 C50:52 | 女 02/02 東京女学館（３回） A80:52 C50:48 | 女 02/03 東京女学館（４回） A80:52 C50:48 | 女 02/02 東京女学館（国際学級一般２回） A80:50 C50:47,https://www.yotsuyaotsuka.com/juken/data/?code=490,高い品性を備え、人と社会に貢献する女性の育成 「高い品性を備え、人と社会に貢献する女性の育成」を教育目標に掲げている。この目標を支える柱が、「他者を思いやる心の育成」「基礎・基本に根ざした個性の伸長」「自ら問題を発見し、解決する力の育成」だ。 さらにこの教育目標を具体的に実現するための実践課題として、①心の教育・人格教育、②自国文化の理解、③グローバルシティズンシップ教育、④STEAM教育─―という「4つの重点課題」を設定している。,国際学級と一般学級を設置 世界を舞台に活躍できる女性の育成をめざして、帰国生および一般生から成る国際学級を設置している。中学では英語経験別に3グループに分け、ネイティヴ教員と日本人教員の３名がチームで担当し、きめ細かく指導。また中1からGTEC受験を実施し、高校生になるまでに英検2級合格を目指す。高校では国際コースとなり、国内大学・海外大学への進学に合ったカリキュラムが選択できる。 一般学級も英語をはじめ各教科バランスよく学び、時代に応じた確かな学力を育成する。英語・数学は少人数授業。中学で行う英語の「訂正ノート」は伝統の指導だ。小テストを貼り付け、出来なかった問題を自分で復習し、担当教員に提出。ノートのやりとりは、生徒が確実に理解できるまで続く。 国際交流プログラムも充実。アメリカ文化研修、東南アジア文化研修、マレーシアやタイ、韓国の提携校との相互交流、イギリス・アメリカへの長期留学など、国際学級・一般学級ともに実施している。 言語教育・コミュニケーション教育も伝統だ。国語の1分間スピーチ、ディベート、社会の「歴史研究ノート」や「ニュース・ノート」の作成など多くの教科で「書く力」「話す力」を伸ばす活動を取り入れている。 芸術教育にも注力。中学では琴、高校ではギター、ヴァイオリンの選択科目を設置。芸術分野に秀でた生徒も多く、校内記念講堂では生徒によるピアノやヴァイオリンのコンサートが開かれる。校内には油絵や書道など完成度の高い作品が展示され、みんなで称え合う。,スタンウェイのフルコンサートピアノを設置 ゆとりある美しいキャンパスで小学校から高校までともに学ぶ。記念講堂は照明や音響など最新の諸設備を備え、スタンウェイのフルコンサートピアノを所有。図書館は蔵書約6万1千冊。体育館は3つ、うち一つは観客スタンド設置で国際試合も開催できる広さを誇る。開閉式天井の快適な室内温水プール。収納力・使い勝手とも抜群の個人ロッカー。広い食堂はメニューも豊富で焼きたて自家製パンも人気だ。,体育大会・創立記念祭の二大行事、中1から高2まで行われる宿泊行事 6月に開催される体育大会は、学年対抗で競われる競技のほかに、中2から高2までの各学年によるダンスが彩りを添える。高3が演じるカドリール・プロムナードは本校の象徴。 11月の創立記念祭（学園祭）では、学習の成果を発表するクラス展示・学年展示のほか、運動部が他校と対戦する招待試合、文化部の展示・舞台発表・演奏など、クラブや委員会の活動の成果を発表する。 宿泊行事は、中1から高2まで毎年行っている。5月には中2のイングリッシュキャンプ、高1の研修旅行。7月には中1が軽井沢学習寮に宿泊して、自然に触れ、カーリング体験などを通して友と親睦を深める。12月には中3が広島修学旅行に行き、平和学習に取り組む。3月には高2が京都・奈良修学旅行に行き、自国文化について理解を深める。,オーケストラ部、ダンス部、パフォーマンス部など多彩 クラブ活動が盛ん。活動日は週2回～3回など、クラブによる。運動部は、ダンス部、ソフトボール部、テニス部、剣道部など（計9）。水泳部は校内の温水プールで練習し、関東大会にも出場している。文化部は、演劇部、茶道部（裏千家・表千家）、書道部、ギター部など（計20）。部員100名超のオーケストラ部、チアダンスやジャグリングを行うパフォーマンス部、英語のミュージカルを上演する英語部、百人一首の競技かるたに取り組むかるた部など、ユニークなクラブが豊富だ。同好会は模擬国連同好会、ストリートダンス同好会など（計4）。,例年東大、一橋大などに合格。難関私立大・医歯薬系も多数 生徒が中心になって進路について学ぶ。中3では働いている方へのインタビューを通して職業研究を実施する。高1の研修旅行では1人1人自分自身の将来の目標についてスピーチを行う。このような機会を通して職業観を養い進路選択に向けて自己をみつめていく。高2以降は文理に分かれて大学進学を見据えて学習し、自由選択科目も多様に設置されている。 例年東大、一橋大、東京外語大、東京藝術大、国際教養大など難関国公立大に合格、私立大学も早慶上智、東京理科大、GMARCH、医歯薬系など多数合格している。指定校推薦は東京女子医科大、聖マリアンナ医科大、慶應義塾大、早稲田大、上智大、立教大、青山学院大、北里大など多数。,インクルーシブリーダーシップを育成する生徒会活動 生徒自治を推進している。その中心となるのが生徒会だ。生徒総会を最高の議決機関とし、生徒会長をはじめとする執行委員会、各委員会の委員長などが中心となって、全校生徒が協力し合い、学校行事や日常生活のルールなどを民主的に決定している。また、体育大会、修学旅行、研修旅行は生徒主体の実行委員会により運営される。 こうした活動は、東京女学館がめざす「リーダーシップ」と「インクルーシブリーダーシップ」の両方の養成につながっている。インクルーシブリーダーシップとは、人間同士の信頼関係を自ら築き、それを基によりよい社会をつくりあげていく力のことであり、東京女学館では21世紀を生きる人々に求められる力として大切にしている。,伝統の白いセーラー服 東京女学館の制服は今から100年前の1930年(昭和5)に制定された。同校で約45年間英語を教えた英国人教師ドロセア・E・トロット女史が提案した「英国では高貴な人は白を着る」という言葉に、「品性を高め、真剣に学べ」という女学館に受け継がれる精神を重ね合わせ、白いセーラー服となった。胸元の青いシルクのリボンとともに受け継がれるこのセーラー服は東京女学館のアイデンティティの1つとして、在校生や卒業生からも長く愛されている。
普連土学園中学校,B13P115,〒108-0073 東京都港区三田4-14-16,TEL 03-3451-4616,都営浅草線「三田駅」より徒歩7分、JR「田町駅」より徒歩8分,https://www.friends.ac.jp/,https://www.study1.jp/kanto/school/B13P115/,https://www.study1.jp/kanto/school/B13P115/briefing/,私立中学,女子校,東京23区,56,https://www.study1.jp/kanto/list/deviation.html,落ち着きある美しい校舎。理数教育を強化し理系進学率も高い,JR田町駅、都営地下鉄三田駅より徒歩7～8分。キリスト教にもとづく教育を行う学校にふさわしく、温かみと落ち着きある校舎。理科では実験・観察を多く行い、中1から高1までに約150回。理系進学率は例年35～40％。英語も重視し、ニュージーランド・ターム留学を実施。大学受験講座は長期休暇中に多数開講する。また全学年対象の教養講座も開講。主要教科の教員が自らの専門を生かして知的なテーマで教える。2025年の大学合格実績は国公立：東京大・東京科学大・お茶の水女子大・東京藝術大・東京学芸大など。私立：早慶上理合計48名、GMARCH合計70名など。,男子 ： - 名 / 女子 ：411名 / クラス数 ：9クラス,"初年度納入金合計 / 年間学費 | 1,261,600 円 / 961,600 円",高校入試(募集) / 学期 / 登校時間 / 完全下校時間 / 土曜授業 | なし / 2学期制 / 8:00 / 17:50 / なし,あり,04/22 入試・イベント情報 学校説明会&普連土生による個別質問コーナー 【予約制】 | 04/14 入試・イベント情報 生徒による校舎案内ツアー 【予約制】 | 03/18 生徒活動 教養講座「宝塚歌劇に親しむ会」 | 05/31 トピックス 2025年度 大学入試 合格・進学状況一覧 | 03/07 トピックス 津田塾大学との高大連携協定締結,,https://www.friends.ac.jp/examination/about.html,2026年 / 【2/1】4科 / 4教科 / 女 / 50 / 207 / 195 / 75 / 2.6 / ※帰国含 | 試験合計 / 50 / 207 / 195 / 75 / 2.6 | 【2/1 午後】算数 / 1教科 / 女 / 20 / 315 / 293 / 184 / 1.6 | 試験合計 / 20 / 315 / 293 / 184 / 1.6 | 【2/2 午後】2科 / 2教科 / 女 / 30 / 352 / 215 / 86 / 2.5 | 試験合計 / 30 / 352 / 215 / 86 / 2.5,"初年度のみの納入金 入学金 300,000 円 施設費 - 教育充実費 - その他 - 初年度のみの納入金 合計（Ａ） 300,000 円 / 初年度のみの納入金 / 入学金 / 300,000 円 / 施設費 / - / 教育充実費 / - / その他 / - / 初年度のみの納入金 合計（Ａ） / 300,000 円 / 年学費 授業料 495,600 円 施設維持費 - 教育充実費 210,000 円 その他 256,000 円 年学費 合計（Ｂ） 961,600 円 / 年学費 / 授業料 / 495,600 円 / 施設維持費 / - / 教育充実費 / 210,000 円 / その他 / 256,000 円 / 年学費 合計（Ｂ） / 961,600 円 | 初年度のみの納入金 | 入学金 / 300,000 円 | 施設費 / - | 教育充実費 / - | その他 / - | 初年度のみの納入金 合計（Ａ） / 300,000 円 | 年学費 | 授業料 / 495,600 円 | 施設維持費 / - | 教育充実費 / 210,000 円 | その他 / 256,000 円 | 年学費 合計（Ｂ） / 961,600 円 | 初年度納入金 合計（Ａ＋Ｂ） / 1,261,600 円",※その他は、後援会会費、学年費など ※別途、旅行積立金、被服費、学校指定品費等あり,60 - 63,https://www.minkou.jp/junior/school/7504/,女62-67,https://www.syutoken-mosi.co.jp/db/school/?code=1244&p=3,A80 女49-56 / C50 女46-52,女49-56,女46-52,女 02/01 普連土学園（１日午前４科） A80:49 C50:46 | 女 02/01 普連土学園（１日午後算数） A80:56 C50:52 | 女 02/02 普連土学園（２日午後２科） A80:55 C50:50 | 女 02/04 普連土学園（４日午前４科） A80:52 C50:48,https://www.yotsuyaotsuka.com/juken/data/?code=653,キリスト教フレンド派の精神に基づく教育 キリスト教フレンド派(クエーカー)の創始者ジョージ・フォックスの言葉“Let Your Lives Speak”（あなたの生き方をもって示しなさい）を教育理念とし、6学年合わせて750名ほどの生徒を対象に、あらゆる権威・伝統からの｢自由｣、神の前での「平等」、粘り強い｢対話｣、絶対的｢平和主義｣という4つの価値観を元に教育を行っている。,毎朝の礼拝、独自科目の論文科など 毎朝の礼拝を通して豊かな心を涵養する。毎週水曜日は静かな祈りの時間として沈黙の礼拝を行い、自己と向き合う。 先取り授業により、中3の主要教科では高校分野の学習を行っている。高2から文系・理系に分かれるが、数学は高2まで必修。国公立文系をめざす生徒も高2までには大学入試範囲を修了する。高3では選択授業を多数設け、10名以下の少人数で授業を行う。 中学の数学、英会話などは少人数分割授業、高校の英語、数学、化学、古典は習熟度別授業を実施。また、数学、英語、社会は学年によりティームティーチングで授業を行っている。 独自科目の論文科を設置し、小論文の指導を行っている。高校では小論文コンクールも実施し、書く力を高め、大学入試やAO入試などに備える。 英語教育として、外国人教員による少人数の英会話授業では、劇やゲーム、タブレットを用いた英語スキット作製などに取り組む。高校の選択授業では、英語の新聞や雑誌などを読み、それに基づいてディスカッションするCross Cultural Understanding などが行われている。高1ではニュージーランドへのターム留学に6名の枠あり。 理科は中1で50回、高1で30回の理科実験と、高2の文理選択時までの実験を充実させている。理系進学率が高く、5年間平均で35％以上となっている。,生徒の語らい場が随所に 普連土学園中学校では、キリスト教フレンド派の日本唯一の学校として、創立以来130余年にわたり「簡素」「温かさ」「落ち着き」「誠実」を大切にし、校舎にもこの精神を反映させている。屋上庭園、バルコニー、ライトコートなど、生徒の語らい場が随所設けられている。 広い閲覧コーナーのある図書館、明るい音楽室、礼拝専用の施設として静黙室がある。,学園ならではのGeorge Fox Tour（英国研修旅行） 生徒会をはじめ自治会組織が中心となって、生徒自ら行事を創り上げている。5月は遠足（中2）、体育祭、6月は聖句暗誦会（中学）、東北修学旅行（中3）、お茶会（中1）、7～8月は奈良・京都修学旅行（高2）、フレンド派の創始者であるジョージ・フォックスの信仰と足跡をたどるGeorge Fox Tour（英国研修旅行・高1・高2希望者）、9～10月は学園祭、11月は感謝祭礼拝、12月はクリスマス礼拝、3月はお茶会（高3）。,自由参加で中高いっしょに活動 普連土学園中学校では、部活は自由参加で中学生と高校生がいっしょに活動している。運動部は剣道部、ソフトボール部、テニス部、ハイキング部、体操部、フォークダンス部など9。文化部はESS部、演劇部、軽音楽部、手話部、吹奏楽部、陶芸部、理科部、囲碁部、華道など13。,2025年は東京大学をはじめ現役合格多数 普連土学園では、中学で地域研究や社会科論文、職場訪問などに取り組み、高校では研究論文の執筆、卒業生による進路相談会、保護者による職業講演会など、6年間を通して様々な形の進路指導プログラムを行っている。 学習サポートとして、高1は長期休暇中に、高2後期から高3にかけては放課後にも講習を実施している。高2は30以上、高3は40以上の講座が開かれ、種類も基礎の復習から大学入試対策まで充実。教養講座も特色の一つだ。全学年を対象に、夏期および春期休暇中に開講。様々な教科の教員がそれぞれの得意分野について、教科書にとらわれず知的で魅力あるテーマで実施している。 2025年の現役の大学合格実績は、国公立大学は東京大、東京科学大、お茶の水女子大、東京藝術大、東京学芸大、東京都立大などに計7名、私立大学は、早慶上智39名、国際基督教大2名、東京理科大９名、GMARCH 70名、ほか津田塾大、東京女子大、日本女子大、順天堂大、聖路加看護大、昭和医科大などに多数合格。,2つの理系イベントで国際大会へ！ 過去に2つの理系イベントで国際大会出場を果たしている。1つはLEGOによるロボット競技会｢FIRST LEGO League（FLL）｣で、学内ロボットプログラミングチーム「Friends Fab」の生徒がこれまでにデンマーク、トルコ、ブラジルでの大会で出場権を獲得した。もう1つは理科部ロケット班で、フランス、イギリスの｢モデルロケット国際大会｣に出場し、2022年には世界一の栄冠を手にした。なお、同校の文理の割合は、例年6:4となっている。,
